INSERT INTO public.auth_user (id, password, last_login, is_superuser, username, first_name, last_name, email, is_staff, is_active, date_joined) VALUES (39,'pbkdf2_sha256$24000$2Pi6CjMjgA7D$NtEcGcuFbiuWTJSVGl+oHo2pvK6zzJTJTAd6sfQD8j4=', '2017-03-10 19:53:46.474341', true, 'Rosalba.Báez', '', '', 'Rosalba.Báez@contact.com', true, true, '2017-03-10 19:50:52.412073');
INSERT INTO public.dplanapp_site (id, site_name, phone, address, max_attendance, user_id, photo) VALUES (6, 'Cázares, Cázares y Cázares Asociados S.A.', (634) 666 7484, 'Piso 9 Pasaje Campeche 33450, Tulum, NAY 40589', 398, 39, 'profilePictures/eyesFB2.0.png');
INSERT INTO public.dplanapp_event (id, name, title_event, description, technical_req, duration, max_attendance, price, date_event, date_ini, date_end, status, gender_id,sub_gender_id,winner_id, site_id) VALUES(5, 'Querétaro crows', 'Computers, Health & Tools', 'monitorizar regional Pre-emptivo', 'Xilofón', 1, 398, 487237, '2017-06-16 02:24:02', '2017-06-16 02:24:02', '2017-06-16 05:24:02', 'O', 2, 12, NULL, 6);
INSERT INTO public.auth_user (id, password, last_login, is_superuser, username, first_name, last_name, email, is_staff, is_active, date_joined) VALUES (40,'pbkdf2_sha256$24000$2Pi6CjMjgA7D$NtEcGcuFbiuWTJSVGl+oHo2pvK6zzJTJTAd6sfQD8j4=', '2017-03-10 19:53:46.474341', true, 'Jorge Luis.Villarreal', '', '', 'Jorge Luis.Villarreal@contact.com', true, true, '2017-03-10 19:50:52.412073');
INSERT INTO public.dplanapp_site (id, site_name, phone, address, max_attendance, user_id, photo) VALUES (7, 'Morales Morales S.C.', 719 670 3003, 'Interior ?0 Privada Huayacocotla 2639, Matehuala, MEX 02149', 624, 40, 'profilePictures/eyesFB2.0.png');
INSERT INTO public.dplanapp_event (id, name, title_event, description, technical_req, duration, max_attendance, price, date_event, date_ini, date_end, status, gender_id,sub_gender_id,winner_id, site_id) VALUES(6, 'Chihuahua fishes', 'Baby, Garden & Kids', 'focus group orientado a objetos Programable', 'Ukelele', 2, 624, 145951, '2017-11-18 12:27:27', '2017-11-18 12:27:27', '2017-11-18 03:27:27', 'O', 1, 3, NULL, 7);
INSERT INTO public.auth_user (id, password, last_login, is_superuser, username, first_name, last_name, email, is_staff, is_active, date_joined) VALUES (41,'pbkdf2_sha256$24000$2Pi6CjMjgA7D$NtEcGcuFbiuWTJSVGl+oHo2pvK6zzJTJTAd6sfQD8j4=', '2017-03-10 19:53:46.474341', true, 'Miguel.Durán', '', '', 'Miguel.Durán@contact.com', true, true, '2017-03-10 19:50:52.412073');
INSERT INTO public.dplanapp_site (id, site_name, phone, address, max_attendance, user_id, photo) VALUES (8, 'Grupo Financiero Coronado S.R.L', 33 6440 9856, 'Conjunto Mario Alberto Gómez S/N, Ojinaga, GRO 07384', 491, 41, 'profilePictures/eyesFB2.0.png');
INSERT INTO public.dplanapp_event (id, name, title_event, description, technical_req, duration, max_attendance, price, date_event, date_ini, date_end, status, gender_id,sub_gender_id,winner_id, site_id) VALUES(7, 'Guerrero worshipers', 'Computers', 'implementación modular Intercambiable', 'Clarinete', 5, 491, 279962, '2018-01-27 09:49:48', '2018-01-27 09:49:48', '2018-01-28 12:49:48', 'O', 1, 3, NULL, 8);
INSERT INTO public.auth_user (id, password, last_login, is_superuser, username, first_name, last_name, email, is_staff, is_active, date_joined) VALUES (42,'pbkdf2_sha256$24000$2Pi6CjMjgA7D$NtEcGcuFbiuWTJSVGl+oHo2pvK6zzJTJTAd6sfQD8j4=', '2017-03-10 19:53:46.474341', true, 'Benito.Sotelo', '', '', 'Benito.Sotelo@contact.com', true, true, '2017-03-10 19:50:52.412073');
INSERT INTO public.dplanapp_site (id, site_name, phone, address, max_attendance, user_id, photo) VALUES (9, 'Nava S.A.', (55) 9870 2448, 'Planta alta Lago Hidalgo 587 Interior ?9, Mazatlán, BCS 99045', 416, 42, 'profilePictures/eyesFB2.0.png');
INSERT INTO public.dplanapp_event (id, name, title_event, description, technical_req, duration, max_attendance, price, date_event, date_ini, date_end, status, gender_id,sub_gender_id,winner_id, site_id) VALUES(8, 'Tamaulipas kangaroos', 'Automotive & Clothing', 'extranet holística Reducido', 'Piano', 3, 416, 429534, '2018-02-23 09:47:47', '2018-02-23 09:47:47', '2018-02-24 12:47:47', 'O', 1, 2, NULL, 9);
INSERT INTO public.auth_user (id, password, last_login, is_superuser, username, first_name, last_name, email, is_staff, is_active, date_joined) VALUES (43,'pbkdf2_sha256$24000$2Pi6CjMjgA7D$NtEcGcuFbiuWTJSVGl+oHo2pvK6zzJTJTAd6sfQD8j4=', '2017-03-10 19:53:46.474341', true, 'Alfonso.Murillo', '', '', 'Alfonso.Murillo@contact.com', true, true, '2017-03-10 19:50:52.412073');
INSERT INTO public.dplanapp_site (id, site_name, phone, address, max_attendance, user_id, photo) VALUES (10, 'Pacheco y Pacheco S.A.B.', (55) 0707 1319, 'Grupo Apodaca 44369 Planta alta, Calera, GRO 37023', 269, 43, 'profilePictures/eyesFB2.0.png');
INSERT INTO public.dplanapp_event (id, name, title_event, description, technical_req, duration, max_attendance, price, date_event, date_ini, date_end, status, gender_id,sub_gender_id,winner_id, site_id) VALUES(9, 'Campeche cats', 'Beauty', 'monitorizar didactica Multi capa', 'Armónica', 4, 269, 484541, '2018-01-10 01:17:54', '2018-01-10 01:17:54', '2018-01-10 04:17:54', 'O', 1, 4, NULL, 10);
INSERT INTO public.auth_user (id, password, last_login, is_superuser, username, first_name, last_name, email, is_staff, is_active, date_joined) VALUES (44,'pbkdf2_sha256$24000$2Pi6CjMjgA7D$NtEcGcuFbiuWTJSVGl+oHo2pvK6zzJTJTAd6sfQD8j4=', '2017-03-10 19:53:46.474341', true, 'Isabel.Sánchez', '', '', 'Isabel.Sánchez@contact.com', true, true, '2017-03-10 19:50:52.412073');
INSERT INTO public.dplanapp_site (id, site_name, phone, address, max_attendance, user_id, photo) VALUES (11, 'Rivas Rivas S.A.B.', (616) 240 8519, '6ª Planta Grupo Ramiro Enríquez 6187, El Fuerte, ZAC 42696', 962, 44, 'profilePictures/eyesFB2.0.png');
INSERT INTO public.dplanapp_event (id, name, title_event, description, technical_req, duration, max_attendance, price, date_event, date_ini, date_end, status, gender_id,sub_gender_id,winner_id, site_id) VALUES(10, 'Chiapas ghosts', 'Baby', 'mediante intangible Gestionado', 'Clarinete', 2, 962, 222418, '2017-07-08 04:33:46', '2017-07-08 04:33:46', '2017-07-08 07:33:46', 'O', 2, 9, NULL, 11);
INSERT INTO public.auth_user (id, password, last_login, is_superuser, username, first_name, last_name, email, is_staff, is_active, date_joined) VALUES (45,'pbkdf2_sha256$24000$2Pi6CjMjgA7D$NtEcGcuFbiuWTJSVGl+oHo2pvK6zzJTJTAd6sfQD8j4=', '2017-03-10 19:53:46.474341', true, 'Mercedes.Castro', '', '', 'Mercedes.Castro@contact.com', true, true, '2017-03-10 19:50:52.412073');
INSERT INTO public.dplanapp_site (id, site_name, phone, address, max_attendance, user_id, photo) VALUES (12, 'Bautista S.A.', 641-031-1455, 'Rincón Adela 3 Planta baja, Mazatlán, GRO 14388', 917, 45, 'profilePictures/eyesFB2.0.png');
INSERT INTO public.dplanapp_event (id, name, title_event, description, technical_req, duration, max_attendance, price, date_event, date_ini, date_end, status, gender_id,sub_gender_id,winner_id, site_id) VALUES(11, 'Michoacán goats', 'Clothing, Garden & Grocery', 'alianza vía web Actualizable', 'Acordión', 5, 917, 84708, '2018-03-10 10:36:18', '2018-03-10 10:36:18', '2018-03-11 01:36:18', 'O', 2, 11, NULL, 12);
INSERT INTO public.auth_user (id, password, last_login, is_superuser, username, first_name, last_name, email, is_staff, is_active, date_joined) VALUES (46,'pbkdf2_sha256$24000$2Pi6CjMjgA7D$NtEcGcuFbiuWTJSVGl+oHo2pvK6zzJTJTAd6sfQD8j4=', '2017-03-10 19:53:46.474341', true, 'Gloria.Galván', '', '', 'Gloria.Galván@contact.com', true, true, '2017-03-10 19:50:52.412073');
INSERT INTO public.dplanapp_site (id, site_name, phone, address, max_attendance, user_id, photo) VALUES (13, 'Valdés y Valdés S.A. de C.V.', 784-925-7967, 'Parque Esteban 6461 Int. 4, Metepec, AGU 45143', 757, 46, 'profilePictures/eyesFB2.0.png');
INSERT INTO public.dplanapp_event (id, name, title_event, description, technical_req, duration, max_attendance, price, date_event, date_ini, date_end, status, gender_id,sub_gender_id,winner_id, site_id) VALUES(12, 'Hidalgo penguins', 'Home & Jewelry', 'data-warehouse amplio ábanico Digitalizado', 'Clarinete', 5, 757, 230362, '2017-07-21 06:45:37', '2017-07-21 06:45:37', '2017-07-21 09:45:37', 'O', 2, 11, NULL, 13);
INSERT INTO public.auth_user (id, password, last_login, is_superuser, username, first_name, last_name, email, is_staff, is_active, date_joined) VALUES (47,'pbkdf2_sha256$24000$2Pi6CjMjgA7D$NtEcGcuFbiuWTJSVGl+oHo2pvK6zzJTJTAd6sfQD8j4=', '2017-03-10 19:53:46.474341', true, 'Juan Antonio.Montoya', '', '', 'Juan Antonio.Montoya@contact.com', true, true, '2017-03-10 19:50:52.412073');
INSERT INTO public.dplanapp_site (id, site_name, phone, address, max_attendance, user_id, photo) VALUES (14, 'Meléndez y Meléndez S.R.L', (33) 8324 1107, 'Plaza Esteban Mora 12 Interior 395, Chimalhuacán, GUA 85744', 482, 47, 'profilePictures/eyesFB2.0.png');
INSERT INTO public.dplanapp_event (id, name, title_event, description, technical_req, duration, max_attendance, price, date_event, date_ini, date_end, status, gender_id,sub_gender_id,winner_id, site_id) VALUES(13, 'Morelos elephants', 'Outdoors', 'codificar coherente Persistente', 'Organo', 5, 482, 356736, '2017-05-15 04:22:14', '2017-05-15 04:22:14', '2017-05-15 07:22:14', 'O', 1, 4, NULL, 14);
INSERT INTO public.auth_user (id, password, last_login, is_superuser, username, first_name, last_name, email, is_staff, is_active, date_joined) VALUES (48,'pbkdf2_sha256$24000$2Pi6CjMjgA7D$NtEcGcuFbiuWTJSVGl+oHo2pvK6zzJTJTAd6sfQD8j4=', '2017-03-10 19:53:46.474341', true, 'Francisca.Jaramillo', '', '', 'Francisca.Jaramillo@contact.com', true, true, '2017-03-10 19:50:52.412073');
INSERT INTO public.dplanapp_site (id, site_name, phone, address, max_attendance, user_id, photo) VALUES (15, 'Colegio Castro S.R.L', (33) 8488 4416, 'Interior ?5 Entrada Tulum 5, Calvillo, MIC 21230', 782, 48, 'profilePictures/eyesFB2.0.png');
INSERT INTO public.dplanapp_event (id, name, title_event, description, technical_req, duration, max_attendance, price, date_event, date_ini, date_end, status, gender_id,sub_gender_id,winner_id, site_id) VALUES(14, 'Tamaulipas prophets', 'Computers', 'base del conocimiento 5th generación Visionario', 'Ukelele', 5, 782, 182609, '2017-08-13 05:26:36', '2017-08-13 05:26:36', '2017-08-13 08:26:36', 'O', 1, 1, NULL, 15);
INSERT INTO public.auth_user (id, password, last_login, is_superuser, username, first_name, last_name, email, is_staff, is_active, date_joined) VALUES (49,'pbkdf2_sha256$24000$2Pi6CjMjgA7D$NtEcGcuFbiuWTJSVGl+oHo2pvK6zzJTJTAd6sfQD8j4=', '2017-03-10 19:53:46.474341', true, 'Adriana.Cano', '', '', 'Adriana.Cano@contact.com', true, true, '2017-03-10 19:50:52.412073');
INSERT INTO public.dplanapp_site (id, site_name, phone, address, max_attendance, user_id, photo) VALUES (16, 'Esquivel y Esquivel S.R.L', (81) 5540 1097, 'Entrada Morelos 3258, Chanal, DUR 84699', 424, 49, 'profilePictures/eyesFB2.0.png');
INSERT INTO public.dplanapp_event (id, name, title_event, description, technical_req, duration, max_attendance, price, date_event, date_ini, date_end, status, gender_id,sub_gender_id,winner_id, site_id) VALUES(15, 'Nayarit geese', 'Books', 'alianza vía web Enfocado a benficios', 'Saxofón', 3, 424, 179992, '2017-09-23 08:37:21', '2017-09-23 08:37:21', '2017-09-23 11:37:21', 'O', 1, 5, NULL, 16);
INSERT INTO public.auth_user (id, password, last_login, is_superuser, username, first_name, last_name, email, is_staff, is_active, date_joined) VALUES (50,'pbkdf2_sha256$24000$2Pi6CjMjgA7D$NtEcGcuFbiuWTJSVGl+oHo2pvK6zzJTJTAd6sfQD8j4=', '2017-03-10 19:53:46.474341', true, 'Micaela.García', '', '', 'Micaela.García@contact.com', true, true, '2017-03-10 19:50:52.412073');
INSERT INTO public.dplanapp_site (id, site_name, phone, address, max_attendance, user_id, photo) VALUES (17, 'Gutiérrez S.A.', 434 522 9699, 'Interior 029 Explanada Tenosique 84 Planta baja, Tecomán, TAB 91865', 143, 50, 'profilePictures/eyesFB2.0.png');
INSERT INTO public.dplanapp_event (id, name, title_event, description, technical_req, duration, max_attendance, price, date_event, date_ini, date_end, status, gender_id,sub_gender_id,winner_id, site_id) VALUES(16, 'Oaxaca black cats', 'Health', 'enfoque neutral Realineado', 'Clarinete', 3, 143, 417438, '2017-11-29 08:56:15', '2017-11-29 08:56:15', '2017-11-29 11:56:15', 'O', 1, 4, NULL, 17);
INSERT INTO public.auth_user (id, password, last_login, is_superuser, username, first_name, last_name, email, is_staff, is_active, date_joined) VALUES (51,'pbkdf2_sha256$24000$2Pi6CjMjgA7D$NtEcGcuFbiuWTJSVGl+oHo2pvK6zzJTJTAd6sfQD8j4=', '2017-03-10 19:53:46.474341', true, 'Martín.Serrano', '', '', 'Martín.Serrano@contact.com', true, true, '2017-03-10 19:50:52.412073');
INSERT INTO public.dplanapp_site (id, site_name, phone, address, max_attendance, user_id, photo) VALUES (18, 'Colegio Salgado S.A.', (321) 099 9483, 'Planta alta Carretera Lorenzo Francisco S/N Piso 8, Atenguillo, TAM 60059', 461, 51, 'profilePictures/eyesFB2.0.png');
INSERT INTO public.dplanapp_event (id, name, title_event, description, technical_req, duration, max_attendance, price, date_event, date_ini, date_end, status, gender_id,sub_gender_id,winner_id, site_id) VALUES(17, 'Nayarit foxes', 'Books, Grocery & Kids', 'website multimedia Fundamental', 'Armónica', 1, 461, 224052, '2018-04-09 05:03:28', '2018-04-09 05:03:28', '2018-04-09 08:03:28', 'O', 1, 5, NULL, 18);
INSERT INTO public.auth_user (id, password, last_login, is_superuser, username, first_name, last_name, email, is_staff, is_active, date_joined) VALUES (52,'pbkdf2_sha256$24000$2Pi6CjMjgA7D$NtEcGcuFbiuWTJSVGl+oHo2pvK6zzJTJTAd6sfQD8j4=', '2017-03-10 19:53:46.474341', true, 'Mariana.Mata', '', '', 'Mariana.Mata@contact.com', true, true, '2017-03-10 19:50:52.412073');
INSERT INTO public.dplanapp_site (id, site_name, phone, address, max_attendance, user_id, photo) VALUES (19, 'Villalobos S.C.', 664 483 3146, 'Manzana Rafael Parra 831 Interior 562, El Mante, SLP 16915', 923, 52, 'profilePictures/eyesFB2.0.png');
INSERT INTO public.dplanapp_event (id, name, title_event, description, technical_req, duration, max_attendance, price, date_event, date_ini, date_end, status, gender_id,sub_gender_id,winner_id, site_id) VALUES(18, 'Morelos chickens', 'Clothing, Garden & Jewelry', 'protocolo asíncrona Compatible', 'Guitarra Acústica', 3, 923, 436418, '2017-05-14 08:19:24', '2017-05-14 08:19:24', '2017-05-14 11:19:24', 'O', 2, 9, NULL, 19);
INSERT INTO public.auth_user (id, password, last_login, is_superuser, username, first_name, last_name, email, is_staff, is_active, date_joined) VALUES (53,'pbkdf2_sha256$24000$2Pi6CjMjgA7D$NtEcGcuFbiuWTJSVGl+oHo2pvK6zzJTJTAd6sfQD8j4=', '2017-03-10 19:53:46.474341', true, 'Víctor Hugo.Lozano', '', '', 'Víctor Hugo.Lozano@contact.com', true, true, '2017-03-10 19:50:52.412073');
INSERT INTO public.dplanapp_site (id, site_name, phone, address, max_attendance, user_id, photo) VALUES (20, 'Cuevas, Cuevas y Cuevas Asociados S.A.B.', (481) 620 1947, 'Vía Uruachi 59381, Canatlán, DUR 27812', 181, 53, 'profilePictures/eyesFB2.0.png');
INSERT INTO public.dplanapp_event (id, name, title_event, description, technical_req, duration, max_attendance, price, date_event, date_ini, date_end, status, gender_id,sub_gender_id,winner_id, site_id) VALUES(19, 'Tabasco druids', 'Books', 'conjunto de instrucciones sensible al contexto Versatil', 'Piano', 6, 181, 487286, '2017-09-20 03:19:24', '2017-09-20 03:19:24', '2017-09-20 06:19:24', 'O', 1, 4, NULL, 20);
INSERT INTO public.auth_user (id, password, last_login, is_superuser, username, first_name, last_name, email, is_staff, is_active, date_joined) VALUES (54,'pbkdf2_sha256$24000$2Pi6CjMjgA7D$NtEcGcuFbiuWTJSVGl+oHo2pvK6zzJTJTAd6sfQD8j4=', '2017-03-10 19:53:46.474341', true, 'Alfredo.Nájera', '', '', 'Alfredo.Nájera@contact.com', true, true, '2017-03-10 19:50:52.412073');
INSERT INTO public.dplanapp_site (id, site_name, phone, address, max_attendance, user_id, photo) VALUES (21, 'Toledo Toledo S.A. de C.V.', (81) 3505 8722, 'Planta baja Parque Claudia 671, Tlaquepaque, SON 75312', 903, 54, 'profilePictures/eyesFB2.0.png');
INSERT INTO public.dplanapp_event (id, name, title_event, description, technical_req, duration, max_attendance, price, date_event, date_ini, date_end, status, gender_id,sub_gender_id,winner_id, site_id) VALUES(20, 'Ciudad de México dragons', 'Baby', 'migración vía web Total', 'Arpa', 4, 903, 263397, '2018-03-18 10:38:39', '2018-03-18 10:38:39', '2018-03-19 01:38:39', 'O', 1, 5, NULL, 21);
INSERT INTO public.auth_user (id, password, last_login, is_superuser, username, first_name, last_name, email, is_staff, is_active, date_joined) VALUES (55,'pbkdf2_sha256$24000$2Pi6CjMjgA7D$NtEcGcuFbiuWTJSVGl+oHo2pvK6zzJTJTAd6sfQD8j4=', '2017-03-10 19:53:46.474341', true, 'Alfredo.Espinoza', '', '', 'Alfredo.Espinoza@contact.com', true, true, '2017-03-10 19:50:52.412073');
INSERT INTO public.dplanapp_site (id, site_name, phone, address, max_attendance, user_id, photo) VALUES (22, 'Arellano, Arellano y Arellano Asociados S.R.L', 81 2046 5961, 'Manzana Nayarit 38 Interior 875, Ixtlan de Juárez, ZAC 53872', 380, 55, 'profilePictures/eyesFB2.0.png');
INSERT INTO public.dplanapp_event (id, name, title_event, description, technical_req, duration, max_attendance, price, date_event, date_ini, date_end, status, gender_id,sub_gender_id,winner_id, site_id) VALUES(21, 'Baja California cats', 'Garden', 'flexibilidad holística Reducido', 'Guitarra Eléctrica', 3, 380, 243707, '2018-01-27 09:25:23', '2018-01-27 09:25:23', '2018-01-28 12:25:23', 'O', 2, 11, NULL, 22);
INSERT INTO public.auth_user (id, password, last_login, is_superuser, username, first_name, last_name, email, is_staff, is_active, date_joined) VALUES (56,'pbkdf2_sha256$24000$2Pi6CjMjgA7D$NtEcGcuFbiuWTJSVGl+oHo2pvK6zzJTJTAd6sfQD8j4=', '2017-03-10 19:53:46.474341', true, 'Marco Antonio.Ortiz', '', '', 'Marco Antonio.Ortiz@contact.com', true, true, '2017-03-10 19:50:52.412073');
INSERT INTO public.dplanapp_site (id, site_name, phone, address, max_attendance, user_id, photo) VALUES (23, 'Rosales S.A. de C.V.', 354-759-3263, 'Salida Sinaloa 182 Depto. 584, Minatitlán, COL 14254', 737, 56, 'profilePictures/eyesFB2.0.png');
INSERT INTO public.dplanapp_event (id, name, title_event, description, technical_req, duration, max_attendance, price, date_event, date_ini, date_end, status, gender_id,sub_gender_id,winner_id, site_id) VALUES(22, 'México giants', 'Grocery, Music & Sports', 'solución multimedia Fácil', 'Ukelele', 5, 737, 178378, '2018-04-18 04:25:39', '2018-04-18 04:25:39', '2018-04-18 07:25:39', 'O', 1, 3, NULL, 23);
INSERT INTO public.auth_user (id, password, last_login, is_superuser, username, first_name, last_name, email, is_staff, is_active, date_joined) VALUES (57,'pbkdf2_sha256$24000$2Pi6CjMjgA7D$NtEcGcuFbiuWTJSVGl+oHo2pvK6zzJTJTAd6sfQD8j4=', '2017-03-10 19:53:46.474341', true, 'Joel.Quintero', '', '', 'Joel.Quintero@contact.com', true, true, '2017-03-10 19:50:52.412073');
INSERT INTO public.dplanapp_site (id, site_name, phone, address, max_attendance, user_id, photo) VALUES (24, 'Mercado, Mercado y Mercado Asociados S.A.', 997-691-3079, 'Prolongación Nicolás 0367, Teapa, TLA 35701', 652, 57, 'profilePictures/eyesFB2.0.png');
INSERT INTO public.dplanapp_event (id, name, title_event, description, technical_req, duration, max_attendance, price, date_event, date_ini, date_end, status, gender_id,sub_gender_id,winner_id, site_id) VALUES(23, 'Campeche werewolves', 'Games', 'monitorizar escalable Multi capa', 'Clarinete', 2, 652, 139080, '2017-07-28 09:04:13', '2017-07-28 09:04:13', '2017-07-28 12:04:13', 'O', 2, 11, NULL, 24);
INSERT INTO public.auth_user (id, password, last_login, is_superuser, username, first_name, last_name, email, is_staff, is_active, date_joined) VALUES (58,'pbkdf2_sha256$24000$2Pi6CjMjgA7D$NtEcGcuFbiuWTJSVGl+oHo2pvK6zzJTJTAd6sfQD8j4=', '2017-03-10 19:53:46.474341', true, 'Marco Antonio.Alonso', '', '', 'Marco Antonio.Alonso@contact.com', true, true, '2017-03-10 19:50:52.412073');
INSERT INTO public.dplanapp_site (id, site_name, phone, address, max_attendance, user_id, photo) VALUES (25, 'Cárdenas y Cárdenas S.A.B.', 33 9930 2136, 'Quinta Sinaloa 7080 Depto. 808, Ahuacatlán, OAX 05254', 858, 58, 'profilePictures/eyesFB2.0.png');
INSERT INTO public.dplanapp_event (id, name, title_event, description, technical_req, duration, max_attendance, price, date_event, date_ini, date_end, status, gender_id,sub_gender_id,winner_id, site_id) VALUES(24, 'Tabasco oracles', 'Baby & Books', 'alianza acompasada Para toda la empresa', 'Clarinete', 3, 858, 330501, '2017-12-20 09:45:53', '2017-12-20 09:45:53', '2017-12-20 12:45:53', 'O', 2, 8, NULL, 25);
INSERT INTO public.auth_user (id, password, last_login, is_superuser, username, first_name, last_name, email, is_staff, is_active, date_joined) VALUES (59,'pbkdf2_sha256$24000$2Pi6CjMjgA7D$NtEcGcuFbiuWTJSVGl+oHo2pvK6zzJTJTAd6sfQD8j4=', '2017-03-10 19:53:46.474341', true, 'Graciela.Velasco', '', '', 'Graciela.Velasco@contact.com', true, true, '2017-03-10 19:50:52.412073');
INSERT INTO public.dplanapp_site (id, site_name, phone, address, max_attendance, user_id, photo) VALUES (26, 'Grupo Financiero Valdez S.A. de C.V.', 81-3311-8935, 'Camino Tepoztlan 71851 Planta baja, Dzidzantun, NAY 18771', 248, 59, 'profilePictures/eyesFB2.0.png');
INSERT INTO public.dplanapp_event (id, name, title_event, description, technical_req, duration, max_attendance, price, date_event, date_ini, date_end, status, gender_id,sub_gender_id,winner_id, site_id) VALUES(25, 'Michoacán black cats', 'Beauty, Games & Shoes', 'actitud analizada Progresivo', 'Trompeta', 2, 248, 408241, '2017-11-23 03:25:14', '2017-11-23 03:25:14', '2017-11-23 06:25:14', 'O', 1, 3, NULL, 26);
INSERT INTO public.auth_user (id, password, last_login, is_superuser, username, first_name, last_name, email, is_staff, is_active, date_joined) VALUES (60,'pbkdf2_sha256$24000$2Pi6CjMjgA7D$NtEcGcuFbiuWTJSVGl+oHo2pvK6zzJTJTAd6sfQD8j4=', '2017-03-10 19:53:46.474341', true, 'Gloria.Gil', '', '', 'Gloria.Gil@contact.com', true, true, '2017-03-10 19:50:52.412073');
INSERT INTO public.dplanapp_site (id, site_name, phone, address, max_attendance, user_id, photo) VALUES (27, 'Olvera S.A.', 81 5096 5089, 'Departamento 166 Monte Cecilia 52178 Planta baja, Coquimatlán, HID 61483', 190, 60, 'profilePictures/eyesFB2.0.png');
INSERT INTO public.dplanapp_event (id, name, title_event, description, technical_req, duration, max_attendance, price, date_event, date_ini, date_end, status, gender_id,sub_gender_id,winner_id, site_id) VALUES(26, 'Baja California oxen', 'Sports', 'estructura generada por el cliente Implementado', 'Xilofón', 1, 190, 367060, '2017-10-28 06:25:48', '2017-10-28 06:25:48', '2017-10-28 09:25:48', 'O', 2, 12, NULL, 27);
INSERT INTO public.auth_user (id, password, last_login, is_superuser, username, first_name, last_name, email, is_staff, is_active, date_joined) VALUES (61,'pbkdf2_sha256$24000$2Pi6CjMjgA7D$NtEcGcuFbiuWTJSVGl+oHo2pvK6zzJTJTAd6sfQD8j4=', '2017-03-10 19:53:46.474341', true, 'Angélica.Trejo', '', '', 'Angélica.Trejo@contact.com', true, true, '2017-03-10 19:50:52.412073');
INSERT INTO public.dplanapp_site (id, site_name, phone, address, max_attendance, user_id, photo) VALUES (28, 'Alcántara S.A.B.', (932) 138 9611, 'Barranco Alejandro 518 Planta alta, Celaya, TAM 40118', 412, 61, 'profilePictures/eyesFB2.0.png');
INSERT INTO public.dplanapp_event (id, name, title_event, description, technical_req, duration, max_attendance, price, date_event, date_ini, date_end, status, gender_id,sub_gender_id,winner_id, site_id) VALUES(27, 'Sinaloa cats', 'Garden', 'flexibilidad asíncrona Sincronizado', 'Violonchelo', 3, 412, 422132, '2017-07-28 02:51:01', '2017-07-28 02:51:01', '2017-07-28 05:51:01', 'O', 1, 3, NULL, 28);
INSERT INTO public.auth_user (id, password, last_login, is_superuser, username, first_name, last_name, email, is_staff, is_active, date_joined) VALUES (62,'pbkdf2_sha256$24000$2Pi6CjMjgA7D$NtEcGcuFbiuWTJSVGl+oHo2pvK6zzJTJTAd6sfQD8j4=', '2017-03-10 19:53:46.474341', true, 'Roberto.Barajas', '', '', 'Roberto.Barajas@contact.com', true, true, '2017-03-10 19:50:52.412073');
INSERT INTO public.dplanapp_site (id, site_name, phone, address, max_attendance, user_id, photo) VALUES (29, 'de la Cruz, de la Cruz y de la Cruz Asociados S.C.', (81) 9244 9365, 'Subida Jesús María 815, San Marcos, BCS 41913', 859, 62, 'profilePictures/eyesFB2.0.png');
INSERT INTO public.dplanapp_event (id, name, title_event, description, technical_req, duration, max_attendance, price, date_event, date_ini, date_end, status, gender_id,sub_gender_id,winner_id, site_id) VALUES(28, 'Campeche kangaroos', 'Tools', 'jerarquía sistemática Reducido', 'Bateria', 3, 859, 215512, '2017-05-18 07:53:56', '2017-05-18 07:53:56', '2017-05-18 10:53:56', 'O', 1, 3, NULL, 29);
INSERT INTO public.auth_user (id, password, last_login, is_superuser, username, first_name, last_name, email, is_staff, is_active, date_joined) VALUES (63,'pbkdf2_sha256$24000$2Pi6CjMjgA7D$NtEcGcuFbiuWTJSVGl+oHo2pvK6zzJTJTAd6sfQD8j4=', '2017-03-10 19:53:46.474341', true, 'Mario Alberto.Cárdenas', '', '', 'Mario Alberto.Cárdenas@contact.com', true, true, '2017-03-10 19:50:52.412073');
INSERT INTO public.dplanapp_site (id, site_name, phone, address, max_attendance, user_id, photo) VALUES (30, 'Ayala y Ayala S.A.B.', (55) 5819 5257, 'Prolongación Cárdenas 07872, Xicohtzinco, BCN 23888', 678, 63, 'profilePictures/eyesFB2.0.png');
INSERT INTO public.dplanapp_event (id, name, title_event, description, technical_req, duration, max_attendance, price, date_event, date_ini, date_end, status, gender_id,sub_gender_id,winner_id, site_id) VALUES(29, 'San Luis Potosí ants', 'Grocery & Shoes', 'política generado por la demanda Digitalizado', 'Acordión', 4, 678, 178320, '2018-03-28 05:17:28', '2018-03-28 05:17:28', '2018-03-28 08:17:28', 'O', 2, 11, NULL, 30);
INSERT INTO public.auth_user (id, password, last_login, is_superuser, username, first_name, last_name, email, is_staff, is_active, date_joined) VALUES (64,'pbkdf2_sha256$24000$2Pi6CjMjgA7D$NtEcGcuFbiuWTJSVGl+oHo2pvK6zzJTJTAd6sfQD8j4=', '2017-03-10 19:53:46.474341', true, 'Pedro.López', '', '', 'Pedro.López@contact.com', true, true, '2017-03-10 19:50:52.412073');
INSERT INTO public.dplanapp_site (id, site_name, phone, address, max_attendance, user_id, photo) VALUES (31, 'Reyna y Reyna S.A. de C.V.', 393 037 2169, 'Huerta Patricia 79 Departamento 138, Xalisco, GRO 44115', 511, 64, 'profilePictures/eyesFB2.0.png');
INSERT INTO public.dplanapp_event (id, name, title_event, description, technical_req, duration, max_attendance, price, date_event, date_ini, date_end, status, gender_id,sub_gender_id,winner_id, site_id) VALUES(30, 'Hidalgo ants', 'Games', 'enfoque móbil Avanzado', 'Violín', 3, 511, 427490, '2018-02-04 01:48:54', '2018-02-04 01:48:54', '2018-02-04 04:48:54', 'O', 1, 5, NULL, 31);
INSERT INTO public.auth_user (id, password, last_login, is_superuser, username, first_name, last_name, email, is_staff, is_active, date_joined) VALUES (65,'pbkdf2_sha256$24000$2Pi6CjMjgA7D$NtEcGcuFbiuWTJSVGl+oHo2pvK6zzJTJTAd6sfQD8j4=', '2017-03-10 19:53:46.474341', true, 'Susana.Vargas', '', '', 'Susana.Vargas@contact.com', true, true, '2017-03-10 19:50:52.412073');
INSERT INTO public.dplanapp_site (id, site_name, phone, address, max_attendance, user_id, photo) VALUES (32, 'Colegio Vidal S.R.L', 33 9588 5602, 'Conjunto Óscar 84 Int. 3, Lerdo, OAX 92631', 890, 65, 'profilePictures/eyesFB2.0.png');
INSERT INTO public.dplanapp_event (id, name, title_event, description, technical_req, duration, max_attendance, price, date_event, date_ini, date_end, status, gender_id,sub_gender_id,winner_id, site_id) VALUES(31, 'Nayarit oracles', 'Clothing', 'interfaz tolerante a fallos Centrado en el usuario', 'Bajo', 4, 890, 460800, '2017-09-17 09:05:46', '2017-09-17 09:05:46', '2017-09-17 12:05:46', 'O', 1, 5, NULL, 32);
INSERT INTO public.auth_user (id, password, last_login, is_superuser, username, first_name, last_name, email, is_staff, is_active, date_joined) VALUES (66,'pbkdf2_sha256$24000$2Pi6CjMjgA7D$NtEcGcuFbiuWTJSVGl+oHo2pvK6zzJTJTAd6sfQD8j4=', '2017-03-10 19:53:46.474341', true, 'Julio César.Gálvez', '', '', 'Julio César.Gálvez@contact.com', true, true, '2017-03-10 19:50:52.412073');
INSERT INTO public.dplanapp_site (id, site_name, phone, address, max_attendance, user_id, photo) VALUES (33, 'Corona y Corona S.R.L', 785-243-9261, 'Planta alta Barranco Abel Garduño 3, Atenguillo, ROO 45290', 704, 66, 'profilePictures/eyesFB2.0.png');
INSERT INTO public.dplanapp_event (id, name, title_event, description, technical_req, duration, max_attendance, price, date_event, date_ini, date_end, status, gender_id,sub_gender_id,winner_id, site_id) VALUES(32, 'Yucatán dogs', 'Clothing, Home & Jewelry', 'acceso recíproca Public-key', 'Ukelele', 5, 704, 322475, '2017-07-29 09:12:26', '2017-07-29 09:12:26', '2017-07-30 12:12:26', 'O', 1, 5, NULL, 33);
INSERT INTO public.auth_user (id, password, last_login, is_superuser, username, first_name, last_name, email, is_staff, is_active, date_joined) VALUES (67,'pbkdf2_sha256$24000$2Pi6CjMjgA7D$NtEcGcuFbiuWTJSVGl+oHo2pvK6zzJTJTAd6sfQD8j4=', '2017-03-10 19:53:46.474341', true, 'Jorge.Barrios', '', '', 'Jorge.Barrios@contact.com', true, true, '2017-03-10 19:50:52.412073');
INSERT INTO public.dplanapp_site (id, site_name, phone, address, max_attendance, user_id, photo) VALUES (34, 'Murillo, Murillo y Murillo Asociados S.R.L', 836 900 3658, '9ª Planta Bajada Puebla 08151 7ª Planta, Comonfort, COA 54894', 632, 67, 'profilePictures/eyesFB2.0.png');
INSERT INTO public.dplanapp_event (id, name, title_event, description, technical_req, duration, max_attendance, price, date_event, date_ini, date_end, status, gender_id,sub_gender_id,winner_id, site_id) VALUES(33, 'Puebla zombies', 'Tools', 'proyección multitarea Public-key', 'Xilofón', 1, 632, 198804, '2018-02-14 08:57:03', '2018-02-14 08:57:03', '2018-02-14 11:57:03', 'O', 1, 3, NULL, 34);
INSERT INTO public.auth_user (id, password, last_login, is_superuser, username, first_name, last_name, email, is_staff, is_active, date_joined) VALUES (68,'pbkdf2_sha256$24000$2Pi6CjMjgA7D$NtEcGcuFbiuWTJSVGl+oHo2pvK6zzJTJTAd6sfQD8j4=', '2017-03-10 19:53:46.474341', true, 'Mariana.de la Cruz', '', '', 'Mariana.de la Cruz@contact.com', true, true, '2017-03-10 19:50:52.412073');
INSERT INTO public.dplanapp_site (id, site_name, phone, address, max_attendance, user_id, photo) VALUES (35, 'Gil S.A.B.', (55) 2656 0862, 'Barranco Morelia 30 Interior ?9, Champotón, GUA 92126', 548, 68, 'profilePictures/eyesFB2.0.png');
INSERT INTO public.dplanapp_event (id, name, title_event, description, technical_req, duration, max_attendance, price, date_event, date_ini, date_end, status, gender_id,sub_gender_id,winner_id, site_id) VALUES(34, 'México bats', 'Industrial', 'hardware asíncrona Multi grupo', 'Violonchelo', 3, 548, 446246, '2017-08-19 05:19:08', '2017-08-19 05:19:08', '2017-08-19 08:19:08', 'O', 1, 4, NULL, 35);
INSERT INTO public.auth_user (id, password, last_login, is_superuser, username, first_name, last_name, email, is_staff, is_active, date_joined) VALUES (69,'pbkdf2_sha256$24000$2Pi6CjMjgA7D$NtEcGcuFbiuWTJSVGl+oHo2pvK6zzJTJTAd6sfQD8j4=', '2017-03-10 19:53:46.474341', true, 'Karina.Acosta', '', '', 'Karina.Acosta@contact.com', true, true, '2017-03-10 19:50:52.412073');
INSERT INTO public.dplanapp_site (id, site_name, phone, address, max_attendance, user_id, photo) VALUES (36, 'Álvarez S.A.', 33 3096 3337, 'Planta alta Jardines Guerrero 6187 Planta baja, Yecapixtla, AGU 88030', 208, 69, 'profilePictures/eyesFB2.0.png');
INSERT INTO public.dplanapp_event (id, name, title_event, description, technical_req, duration, max_attendance, price, date_event, date_ini, date_end, status, gender_id,sub_gender_id,winner_id, site_id) VALUES(35, 'México worshipers', 'Baby, Books & Electronics', 'producto acompasada Multi grupo', 'Saxofón', 5, 208, 410950, '2017-11-21 10:39:55', '2017-11-21 10:39:55', '2017-11-22 01:39:55', 'O', 1, 5, NULL, 36);
INSERT INTO public.auth_user (id, password, last_login, is_superuser, username, first_name, last_name, email, is_staff, is_active, date_joined) VALUES (70,'pbkdf2_sha256$24000$2Pi6CjMjgA7D$NtEcGcuFbiuWTJSVGl+oHo2pvK6zzJTJTAd6sfQD8j4=', '2017-03-10 19:53:46.474341', true, 'Alejandra.Hidalgo', '', '', 'Alejandra.Hidalgo@contact.com', true, true, '2017-03-10 19:50:52.412073');
INSERT INTO public.dplanapp_site (id, site_name, phone, address, max_attendance, user_id, photo) VALUES (37, 'Yáñez y Yáñez S.C.', 452-346-1671, 'Apartamento 92 Avenida Julia S/N Depto. 779, San Ignacio, COL 13857', 495, 70, 'profilePictures/eyesFB2.0.png');
INSERT INTO public.dplanapp_event (id, name, title_event, description, technical_req, duration, max_attendance, price, date_event, date_ini, date_end, status, gender_id,sub_gender_id,winner_id, site_id) VALUES(36, 'Zacatecas zebras', 'Automotive, Grocery & Jewelry', 'desafío amplio ábanico Centrado en el negocio', 'Saxofón', 3, 495, 124804, '2018-01-23 08:25:38', '2018-01-23 08:25:38', '2018-01-23 11:25:38', 'O', 2, 10, NULL, 37);
INSERT INTO public.auth_user (id, password, last_login, is_superuser, username, first_name, last_name, email, is_staff, is_active, date_joined) VALUES (71,'pbkdf2_sha256$24000$2Pi6CjMjgA7D$NtEcGcuFbiuWTJSVGl+oHo2pvK6zzJTJTAd6sfQD8j4=', '2017-03-10 19:53:46.474341', true, 'Felipe.Rocha', '', '', 'Felipe.Rocha@contact.com', true, true, '2017-03-10 19:50:52.412073');
INSERT INTO public.dplanapp_site (id, site_name, phone, address, max_attendance, user_id, photo) VALUES (38, 'Sociedad Fernández S.A.', 757 686 2217, 'Explanada Nuevo León 46347 Int. 9, Uruachi, SLP 43313', 614, 71, 'profilePictures/eyesFB2.0.png');
INSERT INTO public.dplanapp_event (id, name, title_event, description, technical_req, duration, max_attendance, price, date_event, date_ini, date_end, status, gender_id,sub_gender_id,winner_id, site_id) VALUES(37, 'Nuevo León witches', 'Automotive', 'colaboración compuesto Enfocado en la calidad', 'Guitarra Eléctrica', 1, 614, 151499, '2018-05-02 02:51:33', '2018-05-02 02:51:33', '2018-05-02 05:51:33', 'O', 1, 4, NULL, 38);
INSERT INTO public.auth_user (id, password, last_login, is_superuser, username, first_name, last_name, email, is_staff, is_active, date_joined) VALUES (72,'pbkdf2_sha256$24000$2Pi6CjMjgA7D$NtEcGcuFbiuWTJSVGl+oHo2pvK6zzJTJTAd6sfQD8j4=', '2017-03-10 19:53:46.474341', true, 'Miguel.Salgado', '', '', 'Miguel.Salgado@contact.com', true, true, '2017-03-10 19:50:52.412073');
INSERT INTO public.dplanapp_site (id, site_name, phone, address, max_attendance, user_id, photo) VALUES (39, 'Santiago y Santiago S.A.', (394) 058 3661, 'Depto. 669 Mercado Tacotalpa 7155, Salto de Agua, NLE 14394', 541, 72, 'profilePictures/eyesFB2.0.png');
INSERT INTO public.dplanapp_event (id, name, title_event, description, technical_req, duration, max_attendance, price, date_event, date_ini, date_end, status, gender_id,sub_gender_id,winner_id, site_id) VALUES(38, 'Jalisco cats', 'Home, Music & Toys', 'marco de tiempo compuesto Virtual', 'Guitarra Eléctrica', 5, 541, 55904, '2017-08-26 05:30:09', '2017-08-26 05:30:09', '2017-08-26 08:30:09', 'O', 1, 5, NULL, 39);
INSERT INTO public.auth_user (id, password, last_login, is_superuser, username, first_name, last_name, email, is_staff, is_active, date_joined) VALUES (73,'pbkdf2_sha256$24000$2Pi6CjMjgA7D$NtEcGcuFbiuWTJSVGl+oHo2pvK6zzJTJTAd6sfQD8j4=', '2017-03-10 19:53:46.474341', true, 'Daniel.Hidalgo', '', '', 'Daniel.Hidalgo@contact.com', true, true, '2017-03-10 19:50:52.412073');
INSERT INTO public.dplanapp_site (id, site_name, phone, address, max_attendance, user_id, photo) VALUES (40, 'Nieto S.A. de C.V.', 81-5747-2523, 'Apartamento 87 Sector Liliana Reyes 0, La Huerta, DIF 51223', 392, 73, 'profilePictures/eyesFB2.0.png');
INSERT INTO public.dplanapp_event (id, name, title_event, description, technical_req, duration, max_attendance, price, date_event, date_ini, date_end, status, gender_id,sub_gender_id,winner_id, site_id) VALUES(39, 'Colima griffins', 'Beauty, Computers & Industrial', 'medición transicional Amigable', 'Piano', 5, 392, 155000, '2017-11-06 05:32:27', '2017-11-06 05:32:27', '2017-11-06 08:32:27', 'O', 1, 1, NULL, 40);
INSERT INTO public.auth_user (id, password, last_login, is_superuser, username, first_name, last_name, email, is_staff, is_active, date_joined) VALUES (74,'pbkdf2_sha256$24000$2Pi6CjMjgA7D$NtEcGcuFbiuWTJSVGl+oHo2pvK6zzJTJTAd6sfQD8j4=', '2017-03-10 19:53:46.474341', true, 'Cristina.Caballero', '', '', 'Cristina.Caballero@contact.com', true, true, '2017-03-10 19:50:52.412073');
INSERT INTO public.dplanapp_site (id, site_name, phone, address, max_attendance, user_id, photo) VALUES (41, 'Rivas y Rivas S.A. de C.V.', 33 7555 3598, 'Departamento 004 Huerta Colima 8111 Piso 15, Chietla, HID 27568', 728, 74, 'profilePictures/eyesFB2.0.png');
INSERT INTO public.dplanapp_event (id, name, title_event, description, technical_req, duration, max_attendance, price, date_event, date_ini, date_end, status, gender_id,sub_gender_id,winner_id, site_id) VALUES(40, 'Chihuahua dogs', 'Shoes', 'producto maximizada Operativo', 'Bajo', 6, 728, 162862, '2017-09-07 09:59:00', '2017-09-07 09:59:00', '2017-09-08 12:59:00', 'O', 1, 1, NULL, 41);
INSERT INTO public.auth_user (id, password, last_login, is_superuser, username, first_name, last_name, email, is_staff, is_active, date_joined) VALUES (75,'pbkdf2_sha256$24000$2Pi6CjMjgA7D$NtEcGcuFbiuWTJSVGl+oHo2pvK6zzJTJTAd6sfQD8j4=', '2017-03-10 19:53:46.474341', true, 'Isabel.Cruz', '', '', 'Isabel.Cruz@contact.com', true, true, '2017-03-10 19:50:52.412073');
INSERT INTO public.dplanapp_site (id, site_name, phone, address, max_attendance, user_id, photo) VALUES (42, 'Domínguez, Domínguez y Domínguez Asociados S.A.B.', 358 019 1247, 'Interior 661 Escalinata Andrés May 7 Piso 86, Pedro Escobedo, GUA 77051', 916, 75, 'profilePictures/eyesFB2.0.png');
INSERT INTO public.dplanapp_event (id, name, title_event, description, technical_req, duration, max_attendance, price, date_event, date_ini, date_end, status, gender_id,sub_gender_id,winner_id, site_id) VALUES(41, 'Baja California Sur lions', 'Baby, Beauty & Electronics', 'paradigma 24 horas Multi grupo', 'Violín', 5, 916, 72490, '2018-04-01 04:30:56', '2018-04-01 04:30:56', '2018-04-01 07:30:56', 'O', 2, 11, NULL, 42);
INSERT INTO public.auth_user (id, password, last_login, is_superuser, username, first_name, last_name, email, is_staff, is_active, date_joined) VALUES (76,'pbkdf2_sha256$24000$2Pi6CjMjgA7D$NtEcGcuFbiuWTJSVGl+oHo2pvK6zzJTJTAd6sfQD8j4=', '2017-03-10 19:53:46.474341', true, 'Esteban.Rocha', '', '', 'Esteban.Rocha@contact.com', true, true, '2017-03-10 19:50:52.412073');
INSERT INTO public.dplanapp_site (id, site_name, phone, address, max_attendance, user_id, photo) VALUES (43, 'Ocampo Ocampo S.C.', (427) 498 9103, 'Sector Coahuila S/N Interior ?6, Tapachula, PUE 50804', 647, 76, 'profilePictures/eyesFB2.0.png');
INSERT INTO public.dplanapp_event (id, name, title_event, description, technical_req, duration, max_attendance, price, date_event, date_ini, date_end, status, gender_id,sub_gender_id,winner_id, site_id) VALUES(42, 'Oaxaca dogs', 'Movies', 'colaboración sistémica Digitalizado', 'Flauta', 1, 647, 96358, '2017-06-20 06:19:20', '2017-06-20 06:19:20', '2017-06-20 09:19:20', 'O', 1, 3, NULL, 43);
INSERT INTO public.auth_user (id, password, last_login, is_superuser, username, first_name, last_name, email, is_staff, is_active, date_joined) VALUES (77,'pbkdf2_sha256$24000$2Pi6CjMjgA7D$NtEcGcuFbiuWTJSVGl+oHo2pvK6zzJTJTAd6sfQD8j4=', '2017-03-10 19:53:46.474341', true, 'Rosario.Aguilera', '', '', 'Rosario.Aguilera@contact.com', true, true, '2017-03-10 19:50:52.412073');
INSERT INTO public.dplanapp_site (id, site_name, phone, address, max_attendance, user_id, photo) VALUES (44, 'Macías, Macías y Macías Asociados S.A.B.', 55-0788-2017, 'Escalinata Claudia 46, Tochimilco, QUE 38140', 246, 77, 'profilePictures/eyesFB2.0.png');
INSERT INTO public.dplanapp_event (id, name, title_event, description, technical_req, duration, max_attendance, price, date_event, date_ini, date_end, status, gender_id,sub_gender_id,winner_id, site_id) VALUES(43, 'Zacatecas rabbits', 'Electronics', 'archivo potenciada Obligatorio', 'Saxofón', 4, 246, 323024, '2017-08-17 07:42:40', '2017-08-17 07:42:40', '2017-08-17 10:42:40', 'O', 2, 8, NULL, 44);
INSERT INTO public.auth_user (id, password, last_login, is_superuser, username, first_name, last_name, email, is_staff, is_active, date_joined) VALUES (78,'pbkdf2_sha256$24000$2Pi6CjMjgA7D$NtEcGcuFbiuWTJSVGl+oHo2pvK6zzJTJTAd6sfQD8j4=', '2017-03-10 19:53:46.474341', true, 'José Angel.Estrada', '', '', 'José Angel.Estrada@contact.com', true, true, '2017-03-10 19:50:52.412073');
INSERT INTO public.dplanapp_site (id, site_name, phone, address, max_attendance, user_id, photo) VALUES (45, 'Leyva, Leyva y Leyva Asociados S.R.L', (33) 9882 6474, 'Arroyo Baja California 33687 Depto. 038, Jamapa, MIC 71831', 133, 78, 'profilePictures/eyesFB2.0.png');
INSERT INTO public.dplanapp_event (id, name, title_event, description, technical_req, duration, max_attendance, price, date_event, date_ini, date_end, status, gender_id,sub_gender_id,winner_id, site_id) VALUES(44, 'Chihuahua ghosts', 'Beauty & Electronics', 'medición 3rd generación Clonado', 'Guitarra Acústica', 2, 133, 231692, '2018-04-15 11:57:06', '2018-04-15 11:57:06', '2018-04-16 02:57:06', 'O', 1, 3, NULL, 45);
INSERT INTO public.auth_user (id, password, last_login, is_superuser, username, first_name, last_name, email, is_staff, is_active, date_joined) VALUES (79,'pbkdf2_sha256$24000$2Pi6CjMjgA7D$NtEcGcuFbiuWTJSVGl+oHo2pvK6zzJTJTAd6sfQD8j4=', '2017-03-10 19:53:46.474341', true, 'Gabriela.Sánchez', '', '', 'Gabriela.Sánchez@contact.com', true, true, '2017-03-10 19:50:52.412073');
INSERT INTO public.dplanapp_site (id, site_name, phone, address, max_attendance, user_id, photo) VALUES (46, 'de Jesús, de Jesús y de Jesús Asociados S.C.', 437 444 8225, 'Privada Esteban Galicia S/N Apartamento 25, Santa Catarina, DUR 87076', 353, 79, 'profilePictures/eyesFB2.0.png');
INSERT INTO public.dplanapp_event (id, name, title_event, description, technical_req, duration, max_attendance, price, date_event, date_ini, date_end, status, gender_id,sub_gender_id,winner_id, site_id) VALUES(45, 'Hidalgo monkeys', 'Automotive, Baby & Beauty', 'medición analizada Programable', 'Guitarra Acústica', 2, 353, 392674, '2017-12-06 06:22:46', '2017-12-06 06:22:46', '2017-12-06 09:22:46', 'O', 2, 11, NULL, 46);
INSERT INTO public.auth_user (id, password, last_login, is_superuser, username, first_name, last_name, email, is_staff, is_active, date_joined) VALUES (80,'pbkdf2_sha256$24000$2Pi6CjMjgA7D$NtEcGcuFbiuWTJSVGl+oHo2pvK6zzJTJTAd6sfQD8j4=', '2017-03-10 19:53:46.474341', true, 'Gregorio.Arroyo', '', '', 'Gregorio.Arroyo@contact.com', true, true, '2017-03-10 19:50:52.412073');
INSERT INTO public.dplanapp_site (id, site_name, phone, address, max_attendance, user_id, photo) VALUES (47, 'Santana, Santana y Santana Asociados S.A.', 243-365-8391, 'Pasaje Juan Antonio Yáñez 0724 Depto. 479, Tonatico, NLE 14840', 404, 80, 'profilePictures/eyesFB2.0.png');
INSERT INTO public.dplanapp_event (id, name, title_event, description, technical_req, duration, max_attendance, price, date_event, date_ini, date_end, status, gender_id,sub_gender_id,winner_id, site_id) VALUES(46, 'Veracruz ghosts', 'Clothing', 'política acompasada Centrado en el usuario', 'Armónica', 2, 404, 372662, '2018-01-15 07:25:17', '2018-01-15 07:25:17', '2018-01-15 10:25:17', 'O', 1, 1, NULL, 47);
INSERT INTO public.auth_user (id, password, last_login, is_superuser, username, first_name, last_name, email, is_staff, is_active, date_joined) VALUES (81,'pbkdf2_sha256$24000$2Pi6CjMjgA7D$NtEcGcuFbiuWTJSVGl+oHo2pvK6zzJTJTAd6sfQD8j4=', '2017-03-10 19:53:46.474341', true, 'Ángela.Báez', '', '', 'Ángela.Báez@contact.com', true, true, '2017-03-10 19:50:52.412073');
INSERT INTO public.dplanapp_site (id, site_name, phone, address, max_attendance, user_id, photo) VALUES (48, 'González González S.C.', 81-6132-4559, 'Mercado Benito Saldaña 8 Interior ?8, Tlalnepantla, QUE 01513', 645, 81, 'profilePictures/eyesFB2.0.png');
INSERT INTO public.dplanapp_event (id, name, title_event, description, technical_req, duration, max_attendance, price, date_event, date_ini, date_end, status, gender_id,sub_gender_id,winner_id, site_id) VALUES(47, 'Morelos sorcerors', 'Kids', 'habilidad dinámica Integrado', 'Violonchelo', 3, 645, 293565, '2017-04-26 10:17:20', '2017-04-26 10:17:20', '2017-04-26 01:17:20', 'O', 2, 9, NULL, 48);
INSERT INTO public.auth_user (id, password, last_login, is_superuser, username, first_name, last_name, email, is_staff, is_active, date_joined) VALUES (82,'pbkdf2_sha256$24000$2Pi6CjMjgA7D$NtEcGcuFbiuWTJSVGl+oHo2pvK6zzJTJTAd6sfQD8j4=', '2017-03-10 19:53:46.474341', true, 'Magdalena.Arreola', '', '', 'Magdalena.Arreola@contact.com', true, true, '2017-03-10 19:50:52.412073');
INSERT INTO public.dplanapp_site (id, site_name, phone, address, max_attendance, user_id, photo) VALUES (49, 'Alonso, Alonso y Alonso Asociados S.A.B.', 489-887-1501, 'Huerta Petra 67482, Tlacuilotepec, GUA 06825', 763, 82, 'profilePictures/eyesFB2.0.png');
INSERT INTO public.dplanapp_event (id, name, title_event, description, technical_req, duration, max_attendance, price, date_event, date_ini, date_end, status, gender_id,sub_gender_id,winner_id, site_id) VALUES(48, 'Quintana Roo monkeys', 'Books, Outdoors & Tools', 'orquestar transicional Operativo', 'Acordión', 4, 763, 469195, '2017-07-25 04:48:04', '2017-07-25 04:48:04', '2017-07-25 07:48:04', 'O', 1, 4, NULL, 49);
INSERT INTO public.auth_user (id, password, last_login, is_superuser, username, first_name, last_name, email, is_staff, is_active, date_joined) VALUES (83,'pbkdf2_sha256$24000$2Pi6CjMjgA7D$NtEcGcuFbiuWTJSVGl+oHo2pvK6zzJTJTAd6sfQD8j4=', '2017-03-10 19:53:46.474341', true, 'Marcela.Cabrera', '', '', 'Marcela.Cabrera@contact.com', true, true, '2017-03-10 19:50:52.412073');
INSERT INTO public.dplanapp_site (id, site_name, phone, address, max_attendance, user_id, photo) VALUES (50, 'Suárez y Suárez S.A. de C.V.', 33 9672 4962, 'Piso 32 Mercado Silvia 6 Planta alta, Moroleón, COA 42244', 767, 83, 'profilePictures/eyesFB2.0.png');
INSERT INTO public.dplanapp_event (id, name, title_event, description, technical_req, duration, max_attendance, price, date_event, date_ini, date_end, status, gender_id,sub_gender_id,winner_id, site_id) VALUES(49, 'Aguascalientes ogres', 'Beauty & Industrial', 'instalación incremental Re-contextualizado', 'Bateria', 4, 767, 172929, '2018-01-20 04:53:27', '2018-01-20 04:53:27', '2018-01-20 07:53:27', 'O', 1, 3, NULL, 50);
INSERT INTO public.auth_user (id, password, last_login, is_superuser, username, first_name, last_name, email, is_staff, is_active, date_joined) VALUES (84,'pbkdf2_sha256$24000$2Pi6CjMjgA7D$NtEcGcuFbiuWTJSVGl+oHo2pvK6zzJTJTAd6sfQD8j4=', '2017-03-10 19:53:46.474341', true, 'Micaela.Sánchez', '', '', 'Micaela.Sánchez@contact.com', true, true, '2017-03-10 19:50:52.412073');
INSERT INTO public.dplanapp_site (id, site_name, phone, address, max_attendance, user_id, photo) VALUES (51, 'Grupo Financiero Cortés S.C.', 647 798 8341, 'Apartamento 92 Explanada Ricardo 9, Mier y Noriega, AGU 51498', 133, 84, 'profilePictures/eyesFB2.0.png');
INSERT INTO public.dplanapp_event (id, name, title_event, description, technical_req, duration, max_attendance, price, date_event, date_ini, date_end, status, gender_id,sub_gender_id,winner_id, site_id) VALUES(50, 'México druids', 'Home, Kids & Tools', 'base de datos basado en necesidades Reactivo', 'Bajo', 1, 133, 445066, '2018-01-27 12:46:32', '2018-01-27 12:46:32', '2018-01-27 03:46:32', 'O', 1, 2, NULL, 51);
INSERT INTO public.auth_user (id, password, last_login, is_superuser, username, first_name, last_name, email, is_staff, is_active, date_joined) VALUES (85,'pbkdf2_sha256$24000$2Pi6CjMjgA7D$NtEcGcuFbiuWTJSVGl+oHo2pvK6zzJTJTAd6sfQD8j4=', '2017-03-10 19:53:46.474341', true, 'Raymundo.Villa', '', '', 'Raymundo.Villa@contact.com', true, true, '2017-03-10 19:50:52.412073');
INSERT INTO public.dplanapp_site (id, site_name, phone, address, max_attendance, user_id, photo) VALUES (52, 'Arroyo S.A. de C.V.', (878) 913 1421, 'Interior ?3 Paseo Sinaloa 8 Interior 339, Palizada, NAY 03083', 867, 85, 'profilePictures/eyesFB2.0.png');
INSERT INTO public.dplanapp_event (id, name, title_event, description, technical_req, duration, max_attendance, price, date_event, date_ini, date_end, status, gender_id,sub_gender_id,winner_id, site_id) VALUES(51, 'Tlaxcala griffins', 'Grocery, Health & Jewelry', 'conglomeración intangible Versatil', 'Violonchelo', 1, 867, 239029, '2017-07-24 05:49:13', '2017-07-24 05:49:13', '2017-07-24 08:49:13', 'O', 1, 1, NULL, 52);
INSERT INTO public.auth_user (id, password, last_login, is_superuser, username, first_name, last_name, email, is_staff, is_active, date_joined) VALUES (86,'pbkdf2_sha256$24000$2Pi6CjMjgA7D$NtEcGcuFbiuWTJSVGl+oHo2pvK6zzJTJTAd6sfQD8j4=', '2017-03-10 19:53:46.474341', true, 'Francisco.Granados', '', '', 'Francisco.Granados@contact.com', true, true, '2017-03-10 19:50:52.412073');
INSERT INTO public.dplanapp_site (id, site_name, phone, address, max_attendance, user_id, photo) VALUES (53, 'Sociedad Garduño S.R.L', 55 3938 5795, 'Piso 7 Explanada Toluca S/N, Catorce, DUR 59469', 494, 86, 'profilePictures/eyesFB2.0.png');
INSERT INTO public.dplanapp_event (id, name, title_event, description, technical_req, duration, max_attendance, price, date_event, date_ini, date_end, status, gender_id,sub_gender_id,winner_id, site_id) VALUES(52, 'Guerrero black cats', 'Grocery & Movies', 'extranet optimizada En red', 'Bajo', 2, 494, 213262, '2018-02-15 12:51:09', '2018-02-15 12:51:09', '2018-02-15 03:51:09', 'O', 1, 6, NULL, 53);
INSERT INTO public.auth_user (id, password, last_login, is_superuser, username, first_name, last_name, email, is_staff, is_active, date_joined) VALUES (87,'pbkdf2_sha256$24000$2Pi6CjMjgA7D$NtEcGcuFbiuWTJSVGl+oHo2pvK6zzJTJTAd6sfQD8j4=', '2017-03-10 19:53:46.474341', true, 'Rodrigo.Garza', '', '', 'Rodrigo.Garza@contact.com', true, true, '2017-03-10 19:50:52.412073');
INSERT INTO public.dplanapp_site (id, site_name, phone, address, max_attendance, user_id, photo) VALUES (54, 'Félix y Félix S.A.B.', 55 9425 2779, 'Departamento 165 Muelle Oaxaca 4358, San Blas, MOR 21724', 659, 87, 'profilePictures/eyesFB2.0.png');
INSERT INTO public.dplanapp_event (id, name, title_event, description, technical_req, duration, max_attendance, price, date_event, date_ini, date_end, status, gender_id,sub_gender_id,winner_id, site_id) VALUES(53, 'Jalisco buffalo', 'Electronics, Music & Outdoors', 'conjunto de instrucciones 6th generación Monitorizado', 'Ukelele', 4, 659, 302370, '2017-08-15 05:58:43', '2017-08-15 05:58:43', '2017-08-15 08:58:43', 'O', 1, 2, NULL, 54);
INSERT INTO public.auth_user (id, password, last_login, is_superuser, username, first_name, last_name, email, is_staff, is_active, date_joined) VALUES (88,'pbkdf2_sha256$24000$2Pi6CjMjgA7D$NtEcGcuFbiuWTJSVGl+oHo2pvK6zzJTJTAd6sfQD8j4=', '2017-03-10 19:53:46.474341', true, 'Lorenzo.Garduño', '', '', 'Lorenzo.Garduño@contact.com', true, true, '2017-03-10 19:50:52.412073');
INSERT INTO public.dplanapp_site (id, site_name, phone, address, max_attendance, user_id, photo) VALUES (55, 'Castañeda y Castañeda S.A.B.', (377) 411 2825, 'Rincón Jalisco S/N, Montemorelos, VER 52155', 953, 88, 'profilePictures/eyesFB2.0.png');
INSERT INTO public.dplanapp_event (id, name, title_event, description, technical_req, duration, max_attendance, price, date_event, date_ini, date_end, status, gender_id,sub_gender_id,winner_id, site_id) VALUES(54, 'Jalisco dragons', 'Beauty & Health', 'caja de herramientas multimedia Intercambiable', 'Violín', 1, 953, 351286, '2018-02-19 05:44:22', '2018-02-19 05:44:22', '2018-02-19 08:44:22', 'O', 1, 5, NULL, 55);
INSERT INTO public.auth_user (id, password, last_login, is_superuser, username, first_name, last_name, email, is_staff, is_active, date_joined) VALUES (89,'pbkdf2_sha256$24000$2Pi6CjMjgA7D$NtEcGcuFbiuWTJSVGl+oHo2pvK6zzJTJTAd6sfQD8j4=', '2017-03-10 19:53:46.474341', true, 'Carlos Alberto.Marín', '', '', 'Carlos Alberto.Marín@contact.com', true, true, '2017-03-10 19:50:52.412073');
INSERT INTO public.dplanapp_site (id, site_name, phone, address, max_attendance, user_id, photo) VALUES (56, 'Cruz y Cruz S.C.', 55 4079 6864, 'Interior 745 Avenida Graciela 2550, Guanacevi, MIC 22801', 485, 89, 'profilePictures/eyesFB2.0.png');
INSERT INTO public.dplanapp_event (id, name, title_event, description, technical_req, duration, max_attendance, price, date_event, date_ini, date_end, status, gender_id,sub_gender_id,winner_id, site_id) VALUES(55, 'Yucatán giants', 'Clothing & Games', 'utilización 3rd generación Persistente', 'Trompeta', 2, 485, 213817, '2017-10-08 06:02:23', '2017-10-08 06:02:23', '2017-10-08 09:02:23', 'O', 2, 8, NULL, 56);
INSERT INTO public.auth_user (id, password, last_login, is_superuser, username, first_name, last_name, email, is_staff, is_active, date_joined) VALUES (90,'pbkdf2_sha256$24000$2Pi6CjMjgA7D$NtEcGcuFbiuWTJSVGl+oHo2pvK6zzJTJTAd6sfQD8j4=', '2017-03-10 19:53:46.474341', true, 'Rodolfo.Santana', '', '', 'Rodolfo.Santana@contact.com', true, true, '2017-03-10 19:50:52.412073');
INSERT INTO public.dplanapp_site (id, site_name, phone, address, max_attendance, user_id, photo) VALUES (57, 'Reyna S.R.L', 55 5889 7854, 'Piso 0 Salida Mario 53510, Chicoasen, JAL 74669', 442, 90, 'profilePictures/eyesFB2.0.png');
INSERT INTO public.dplanapp_event (id, name, title_event, description, technical_req, duration, max_attendance, price, date_event, date_ini, date_end, status, gender_id,sub_gender_id,winner_id, site_id) VALUES(56, 'Morelos buffalo', 'Outdoors', 'infraestructura hibrida Enfocado', 'Armónica', 5, 442, 327802, '2017-10-01 02:12:58', '2017-10-01 02:12:58', '2017-10-01 05:12:58', 'O', 2, 9, NULL, 57);
INSERT INTO public.auth_user (id, password, last_login, is_superuser, username, first_name, last_name, email, is_staff, is_active, date_joined) VALUES (91,'pbkdf2_sha256$24000$2Pi6CjMjgA7D$NtEcGcuFbiuWTJSVGl+oHo2pvK6zzJTJTAd6sfQD8j4=', '2017-03-10 19:53:46.474341', true, 'David.Franco', '', '', 'David.Franco@contact.com', true, true, '2017-03-10 19:50:52.412073');
INSERT INTO public.dplanapp_site (id, site_name, phone, address, max_attendance, user_id, photo) VALUES (58, 'Alvarado y Alvarado S.R.L', (55) 1572 0867, 'Int. 5 Conjunto Chapultepec 6, Xaloztoc, DUR 17316', 426, 91, 'profilePictures/eyesFB2.0.png');
INSERT INTO public.dplanapp_event (id, name, title_event, description, technical_req, duration, max_attendance, price, date_event, date_ini, date_end, status, gender_id,sub_gender_id,winner_id, site_id) VALUES(57, 'Aguascalientes oxen', 'Music', 'proyecto local Operativo', 'Ukelele', 1, 426, 406290, '2017-07-08 11:31:52', '2017-07-08 11:31:52', '2017-07-08 02:31:52', 'O', 2, 12, NULL, 58);
INSERT INTO public.auth_user (id, password, last_login, is_superuser, username, first_name, last_name, email, is_staff, is_active, date_joined) VALUES (92,'pbkdf2_sha256$24000$2Pi6CjMjgA7D$NtEcGcuFbiuWTJSVGl+oHo2pvK6zzJTJTAd6sfQD8j4=', '2017-03-10 19:53:46.474341', true, 'Aurora.Téllez', '', '', 'Aurora.Téllez@contact.com', true, true, '2017-03-10 19:50:52.412073');
INSERT INTO public.dplanapp_site (id, site_name, phone, address, max_attendance, user_id, photo) VALUES (59, 'Garza, Garza y Garza Asociados S.A.', 55-0773-5785, '7ª Planta Muelle Lorenzo Sotelo 60304 Piso 7, Compostela, JAL 25978', 892, 92, 'profilePictures/eyesFB2.0.png');
INSERT INTO public.dplanapp_event (id, name, title_event, description, technical_req, duration, max_attendance, price, date_event, date_ini, date_end, status, gender_id,sub_gender_id,winner_id, site_id) VALUES(58, 'Aguascalientes dragons', 'Automotive & Computers', 'array motivadora Organico', 'Bajo', 5, 892, 206972, '2017-05-10 01:32:12', '2017-05-10 01:32:12', '2017-05-10 04:32:12', 'O', 2, 12, NULL, 59);
INSERT INTO public.auth_user (id, password, last_login, is_superuser, username, first_name, last_name, email, is_staff, is_active, date_joined) VALUES (93,'pbkdf2_sha256$24000$2Pi6CjMjgA7D$NtEcGcuFbiuWTJSVGl+oHo2pvK6zzJTJTAd6sfQD8j4=', '2017-03-10 19:53:46.474341', true, 'Enrique.Espinosa', '', '', 'Enrique.Espinosa@contact.com', true, true, '2017-03-10 19:50:52.412073');
INSERT INTO public.dplanapp_site (id, site_name, phone, address, max_attendance, user_id, photo) VALUES (60, 'Sierra, Sierra y Sierra Asociados S.A. de C.V.', 81 3414 4270, 'Piso 29 Entrada Carlos 52290, Calvillo, GRO 49234', 367, 93, 'profilePictures/eyesFB2.0.png');
INSERT INTO public.dplanapp_event (id, name, title_event, description, technical_req, duration, max_attendance, price, date_event, date_ini, date_end, status, gender_id,sub_gender_id,winner_id, site_id) VALUES(59, 'Jalisco bears', 'Games, Movies & Shoes', 'firmware bidireccional Enfocado', 'Violín', 2, 367, 335776, '2017-09-12 10:01:34', '2017-09-12 10:01:34', '2017-09-13 01:01:34', 'O', 1, 1, NULL, 60);
INSERT INTO public.auth_user (id, password, last_login, is_superuser, username, first_name, last_name, email, is_staff, is_active, date_joined) VALUES (94,'pbkdf2_sha256$24000$2Pi6CjMjgA7D$NtEcGcuFbiuWTJSVGl+oHo2pvK6zzJTJTAd6sfQD8j4=', '2017-03-10 19:53:46.474341', true, 'Eduardo.Leal', '', '', 'Eduardo.Leal@contact.com', true, true, '2017-03-10 19:50:52.412073');
INSERT INTO public.dplanapp_site (id, site_name, phone, address, max_attendance, user_id, photo) VALUES (61, 'Colegio Soto S.R.L', 763-636-3475, 'Depto. 882 Privada Miriam Zepeda S/N Piso 19, Sinaloa, HID 35747', 217, 94, 'profilePictures/eyesFB2.0.png');
INSERT INTO public.dplanapp_event (id, name, title_event, description, technical_req, duration, max_attendance, price, date_event, date_ini, date_end, status, gender_id,sub_gender_id,winner_id, site_id) VALUES(60, 'Veracruz cats', 'Books, Electronics & Home', 'infraestructura transicional Opcional', 'Xilofón', 4, 217, 126971, '2018-01-24 11:24:57', '2018-01-24 11:24:57', '2018-01-25 02:24:57', 'O', 2, 8, NULL, 61);
INSERT INTO public.auth_user (id, password, last_login, is_superuser, username, first_name, last_name, email, is_staff, is_active, date_joined) VALUES (95,'pbkdf2_sha256$24000$2Pi6CjMjgA7D$NtEcGcuFbiuWTJSVGl+oHo2pvK6zzJTJTAd6sfQD8j4=', '2017-03-10 19:53:46.474341', true, 'Angélica.Valadez', '', '', 'Angélica.Valadez@contact.com', true, true, '2017-03-10 19:50:52.412073');
INSERT INTO public.dplanapp_site (id, site_name, phone, address, max_attendance, user_id, photo) VALUES (62, 'León, León y León Asociados S.A.', (55) 2151 9432, 'Entrada Veracruz 6588 Depto. 104, Epitacio Huerta, PUE 46809', 393, 95, 'profilePictures/eyesFB2.0.png');
INSERT INTO public.dplanapp_event (id, name, title_event, description, technical_req, duration, max_attendance, price, date_event, date_ini, date_end, status, gender_id,sub_gender_id,winner_id, site_id) VALUES(61, 'Nuevo León zebras', 'Health', 'estrategia regional Intercambiable', 'Guitarra Eléctrica', 3, 393, 236526, '2017-11-01 07:31:32', '2017-11-01 07:31:32', '2017-11-01 10:31:32', 'O', 1, 2, NULL, 62);
INSERT INTO public.auth_user (id, password, last_login, is_superuser, username, first_name, last_name, email, is_staff, is_active, date_joined) VALUES (96,'pbkdf2_sha256$24000$2Pi6CjMjgA7D$NtEcGcuFbiuWTJSVGl+oHo2pvK6zzJTJTAd6sfQD8j4=', '2017-03-10 19:53:46.474341', true, 'Víctor.Dávila', '', '', 'Víctor.Dávila@contact.com', true, true, '2017-03-10 19:50:52.412073');
INSERT INTO public.dplanapp_site (id, site_name, phone, address, max_attendance, user_id, photo) VALUES (63, 'Rivas y Rivas S.C.', 452 735 7859, 'Pasaje Francisco Barajas 0226 Piso 1, Tancanhuitz, COL 56062', 591, 96, 'profilePictures/eyesFB2.0.png');
INSERT INTO public.dplanapp_event (id, name, title_event, description, technical_req, duration, max_attendance, price, date_event, date_ini, date_end, status, gender_id,sub_gender_id,winner_id, site_id) VALUES(62, 'Sonora gooses', 'Kids', 'acceso asimétrica Integrado', 'Guitarra Acústica', 2, 591, 275927, '2018-02-15 09:27:42', '2018-02-15 09:27:42', '2018-02-16 12:27:42', 'O', 1, 3, NULL, 63);
INSERT INTO public.auth_user (id, password, last_login, is_superuser, username, first_name, last_name, email, is_staff, is_active, date_joined) VALUES (97,'pbkdf2_sha256$24000$2Pi6CjMjgA7D$NtEcGcuFbiuWTJSVGl+oHo2pvK6zzJTJTAd6sfQD8j4=', '2017-03-10 19:53:46.474341', true, 'Elvira.Villarreal', '', '', 'Elvira.Villarreal@contact.com', true, true, '2017-03-10 19:50:52.412073');
INSERT INTO public.dplanapp_site (id, site_name, phone, address, max_attendance, user_id, photo) VALUES (64, 'Mendoza S.R.L', (494) 812 2245, 'Entrada Jorge 4659 Depto. 959, Buenaventura, NLE 50384', 605, 97, 'profilePictures/eyesFB2.0.png');
INSERT INTO public.dplanapp_event (id, name, title_event, description, technical_req, duration, max_attendance, price, date_event, date_ini, date_end, status, gender_id,sub_gender_id,winner_id, site_id) VALUES(63, 'Zacatecas goblins', 'Home', 'mediante transicional Centrado en el usuario', 'Organo', 3, 605, 313648, '2017-05-27 10:18:34', '2017-05-27 10:18:34', '2017-05-27 01:18:34', 'O', 2, 8, NULL, 64);
INSERT INTO public.auth_user (id, password, last_login, is_superuser, username, first_name, last_name, email, is_staff, is_active, date_joined) VALUES (98,'pbkdf2_sha256$24000$2Pi6CjMjgA7D$NtEcGcuFbiuWTJSVGl+oHo2pvK6zzJTJTAd6sfQD8j4=', '2017-03-10 19:53:46.474341', true, 'Jorge.Cázares', '', '', 'Jorge.Cázares@contact.com', true, true, '2017-03-10 19:50:52.412073');
INSERT INTO public.dplanapp_site (id, site_name, phone, address, max_attendance, user_id, photo) VALUES (65, 'Cabrera y Cabrera S.A.B.', 862 340 7580, 'Parque Pedro Duarte 8 Piso 0, Yauhquemehcan, MOR 62591', 222, 98, 'profilePictures/eyesFB2.0.png');
INSERT INTO public.dplanapp_event (id, name, title_event, description, technical_req, duration, max_attendance, price, date_event, date_ini, date_end, status, gender_id,sub_gender_id,winner_id, site_id) VALUES(64, 'Nayarit horses', 'Music', 'previsión generada por el cliente Intercambiable', 'Violonchelo', 2, 222, 290587, '2018-03-30 08:27:00', '2018-03-30 08:27:00', '2018-03-30 11:27:00', 'O', 1, 1, NULL, 65);
INSERT INTO public.auth_user (id, password, last_login, is_superuser, username, first_name, last_name, email, is_staff, is_active, date_joined) VALUES (99,'pbkdf2_sha256$24000$2Pi6CjMjgA7D$NtEcGcuFbiuWTJSVGl+oHo2pvK6zzJTJTAd6sfQD8j4=', '2017-03-10 19:53:46.474341', true, 'Rodrigo.Reyes', '', '', 'Rodrigo.Reyes@contact.com', true, true, '2017-03-10 19:50:52.412073');
INSERT INTO public.dplanapp_site (id, site_name, phone, address, max_attendance, user_id, photo) VALUES (66, 'Sociedad Acosta S.A. de C.V.', (81) 5116 2133, 'Monte Nayarit 5 Interior ?1, San Buenaventura, MIC 28107', 441, 99, 'profilePictures/eyesFB2.0.png');
INSERT INTO public.dplanapp_event (id, name, title_event, description, technical_req, duration, max_attendance, price, date_event, date_ini, date_end, status, gender_id,sub_gender_id,winner_id, site_id) VALUES(65, 'Oaxaca griffins', 'Automotive & Outdoors', 'aprovechar 24 horas Exclusivo', 'Ukelele', 5, 441, 375890, '2017-09-09 09:11:05', '2017-09-09 09:11:05', '2017-09-09 12:11:05', 'O', 1, 4, NULL, 66);
INSERT INTO public.auth_user (id, password, last_login, is_superuser, username, first_name, last_name, email, is_staff, is_active, date_joined) VALUES (100,'pbkdf2_sha256$24000$2Pi6CjMjgA7D$NtEcGcuFbiuWTJSVGl+oHo2pvK6zzJTJTAd6sfQD8j4=', '2017-03-10 19:53:46.474341', true, 'Antonio.Navarrete', '', '', 'Antonio.Navarrete@contact.com', true, true, '2017-03-10 19:50:52.412073');
INSERT INTO public.dplanapp_site (id, site_name, phone, address, max_attendance, user_id, photo) VALUES (67, 'Osorio y Osorio S.C.', 81-6032-7140, 'Departamento 814 Lago Concepción Morán 43900 Apartamento 87, Pedro Escobedo, TLA 76636', 625, 100, 'profilePictures/eyesFB2.0.png');
INSERT INTO public.dplanapp_event (id, name, title_event, description, technical_req, duration, max_attendance, price, date_event, date_ini, date_end, status, gender_id,sub_gender_id,winner_id, site_id) VALUES(66, 'Baja California druids', 'Games', 'software didactica Orientado a equipos', 'Guitarra Eléctrica', 6, 625, 186823, '2018-02-23 03:59:57', '2018-02-23 03:59:57', '2018-02-23 06:59:57', 'O', 1, 2, NULL, 67);
INSERT INTO public.auth_user (id, password, last_login, is_superuser, username, first_name, last_name, email, is_staff, is_active, date_joined) VALUES (101,'pbkdf2_sha256$24000$2Pi6CjMjgA7D$NtEcGcuFbiuWTJSVGl+oHo2pvK6zzJTJTAd6sfQD8j4=', '2017-03-10 19:53:46.474341', true, 'Gustavo.Mora', '', '', 'Gustavo.Mora@contact.com', true, true, '2017-03-10 19:50:52.412073');
INSERT INTO public.dplanapp_site (id, site_name, phone, address, max_attendance, user_id, photo) VALUES (68, 'Villanueva y Villanueva S.R.L', 914 876 6409, 'Depto. 751 Jardines Campeche 26061, Aporo, MEX 91680', 940, 101, 'profilePictures/eyesFB2.0.png');
INSERT INTO public.dplanapp_event (id, name, title_event, description, technical_req, duration, max_attendance, price, date_event, date_ini, date_end, status, gender_id,sub_gender_id,winner_id, site_id) VALUES(67, 'Coahuila cats', 'Kids', 'extranet logística Orientado a objetos', 'Flauta', 1, 940, 194116, '2018-04-15 02:12:41', '2018-04-15 02:12:41', '2018-04-15 05:12:41', 'O', 2, 11, NULL, 68);
INSERT INTO public.auth_user (id, password, last_login, is_superuser, username, first_name, last_name, email, is_staff, is_active, date_joined) VALUES (102,'pbkdf2_sha256$24000$2Pi6CjMjgA7D$NtEcGcuFbiuWTJSVGl+oHo2pvK6zzJTJTAd6sfQD8j4=', '2017-03-10 19:53:46.474341', true, 'Adriana.Ortega', '', '', 'Adriana.Ortega@contact.com', true, true, '2017-03-10 19:50:52.412073');
INSERT INTO public.dplanapp_site (id, site_name, phone, address, max_attendance, user_id, photo) VALUES (69, 'Ventura, Ventura y Ventura Asociados S.A.', 594-442-8816, 'Int. 4 Conjunto Vicente 12529 Depto. 067, Tlalnepantla, HID 23020', 961, 102, 'profilePictures/eyesFB2.0.png');
INSERT INTO public.dplanapp_event (id, name, title_event, description, technical_req, duration, max_attendance, price, date_event, date_ini, date_end, status, gender_id,sub_gender_id,winner_id, site_id) VALUES(68, 'Nuevo León bats', 'Baby', 'middleware secundaria Public-key', 'Bajo', 4, 961, 79647, '2017-12-10 04:53:11', '2017-12-10 04:53:11', '2017-12-10 07:53:11', 'O', 1, 5, NULL, 69);
INSERT INTO public.auth_user (id, password, last_login, is_superuser, username, first_name, last_name, email, is_staff, is_active, date_joined) VALUES (103,'pbkdf2_sha256$24000$2Pi6CjMjgA7D$NtEcGcuFbiuWTJSVGl+oHo2pvK6zzJTJTAd6sfQD8j4=', '2017-03-10 19:53:46.474341', true, 'Jesús.Francisco', '', '', 'Jesús.Francisco@contact.com', true, true, '2017-03-10 19:50:52.412073');
INSERT INTO public.dplanapp_site (id, site_name, phone, address, max_attendance, user_id, photo) VALUES (70, 'Fernández y Fernández S.A.', 437 211 3325, 'Pasaje Nuevo Laredo 30754 Interior 909, Pinal de Amoles, SLP 26603', 860, 103, 'profilePictures/eyesFB2.0.png');
INSERT INTO public.dplanapp_event (id, name, title_event, description, technical_req, duration, max_attendance, price, date_event, date_ini, date_end, status, gender_id,sub_gender_id,winner_id, site_id) VALUES(69, 'Colima elephants', 'Electronics & Movies', 'sinergia radical Reducido', 'Violonchelo', 4, 860, 481441, '2017-07-22 07:13:35', '2017-07-22 07:13:35', '2017-07-22 10:13:35', 'O', 1, 5, NULL, 70);
INSERT INTO public.auth_user (id, password, last_login, is_superuser, username, first_name, last_name, email, is_staff, is_active, date_joined) VALUES (104,'pbkdf2_sha256$24000$2Pi6CjMjgA7D$NtEcGcuFbiuWTJSVGl+oHo2pvK6zzJTJTAd6sfQD8j4=', '2017-03-10 19:53:46.474341', true, 'Petra.Ríos', '', '', 'Petra.Ríos@contact.com', true, true, '2017-03-10 19:50:52.412073');
INSERT INTO public.dplanapp_site (id, site_name, phone, address, max_attendance, user_id, photo) VALUES (71, 'Vásquez Vásquez S.C.', (33) 7451 2710, 'Grupo Rafael 5684, San Miguel Yotao, DIF 88178', 607, 104, 'profilePictures/eyesFB2.0.png');
INSERT INTO public.dplanapp_event (id, name, title_event, description, technical_req, duration, max_attendance, price, date_event, date_ini, date_end, status, gender_id,sub_gender_id,winner_id, site_id) VALUES(70, 'Hidalgo prophets', 'Automotive, Computers & Games', 'definición cliente servidor Pre-emptivo', 'Clarinete', 5, 607, 317170, '2017-09-15 01:08:33', '2017-09-15 01:08:33', '2017-09-15 04:08:33', 'O', 1, 3, NULL, 71);
INSERT INTO public.auth_user (id, password, last_login, is_superuser, username, first_name, last_name, email, is_staff, is_active, date_joined) VALUES (105,'pbkdf2_sha256$24000$2Pi6CjMjgA7D$NtEcGcuFbiuWTJSVGl+oHo2pvK6zzJTJTAd6sfQD8j4=', '2017-03-10 19:53:46.474341', true, 'Rafael.Pérez', '', '', 'Rafael.Pérez@contact.com', true, true, '2017-03-10 19:50:52.412073');
INSERT INTO public.dplanapp_site (id, site_name, phone, address, max_attendance, user_id, photo) VALUES (72, 'Armenta, Armenta y Armenta Asociados S.A. de C.V.', (81) 3454 8250, 'Vía José Juan 0427, Magdalena, MOR 24513', 822, 105, 'profilePictures/eyesFB2.0.png');
INSERT INTO public.dplanapp_event (id, name, title_event, description, technical_req, duration, max_attendance, price, date_event, date_ini, date_end, status, gender_id,sub_gender_id,winner_id, site_id) VALUES(71, 'Aguascalientes bears', 'Kids', 'caja de herramientas multitarea Compartible', 'Violín', 2, 822, 245900, '2018-03-29 05:13:43', '2018-03-29 05:13:43', '2018-03-29 08:13:43', 'O', 2, 8, NULL, 72);
INSERT INTO public.auth_user (id, password, last_login, is_superuser, username, first_name, last_name, email, is_staff, is_active, date_joined) VALUES (106,'pbkdf2_sha256$24000$2Pi6CjMjgA7D$NtEcGcuFbiuWTJSVGl+oHo2pvK6zzJTJTAd6sfQD8j4=', '2017-03-10 19:53:46.474341', true, 'Salvador.Velázquez', '', '', 'Salvador.Velázquez@contact.com', true, true, '2017-03-10 19:50:52.412073');
INSERT INTO public.dplanapp_site (id, site_name, phone, address, max_attendance, user_id, photo) VALUES (73, 'Barrera S.A.B.', 236-780-9576, '5ª Planta Mercado Ignacio 19, Santa Catarina, BCS 65019', 589, 106, 'profilePictures/eyesFB2.0.png');
INSERT INTO public.dplanapp_event (id, name, title_event, description, technical_req, duration, max_attendance, price, date_event, date_ini, date_end, status, gender_id,sub_gender_id,winner_id, site_id) VALUES(72, 'Zacatecas horses', 'Games, Garden & Tools', 'circuito compuesto Automatizado', 'Guitarra Acústica', 4, 589, 247409, '2017-07-07 10:38:40', '2017-07-07 10:38:40', '2017-07-08 01:38:40', 'O', 2, 10, NULL, 73);
INSERT INTO public.auth_user (id, password, last_login, is_superuser, username, first_name, last_name, email, is_staff, is_active, date_joined) VALUES (107,'pbkdf2_sha256$24000$2Pi6CjMjgA7D$NtEcGcuFbiuWTJSVGl+oHo2pvK6zzJTJTAd6sfQD8j4=', '2017-03-10 19:53:46.474341', true, 'Rodrigo.Santos', '', '', 'Rodrigo.Santos@contact.com', true, true, '2017-03-10 19:50:52.412073');
INSERT INTO public.dplanapp_site (id, site_name, phone, address, max_attendance, user_id, photo) VALUES (74, 'Ríos Ríos S.R.L', 81-4280-3677, 'Piso 8 Conjunto Teresa Toledo 248, Xalapa, GUA 39771', 617, 107, 'profilePictures/eyesFB2.0.png');
INSERT INTO public.dplanapp_event (id, name, title_event, description, technical_req, duration, max_attendance, price, date_event, date_ini, date_end, status, gender_id,sub_gender_id,winner_id, site_id) VALUES(73, 'Coahuila whales', 'Jewelry', 'firmware multitarea Realineado', 'Acordión', 4, 617, 471037, '2018-02-28 09:19:18', '2018-02-28 09:19:18', '2018-03-01 12:19:18', 'O', 1, 1, NULL, 74);
INSERT INTO public.auth_user (id, password, last_login, is_superuser, username, first_name, last_name, email, is_staff, is_active, date_joined) VALUES (108,'pbkdf2_sha256$24000$2Pi6CjMjgA7D$NtEcGcuFbiuWTJSVGl+oHo2pvK6zzJTJTAd6sfQD8j4=', '2017-03-10 19:53:46.474341', true, 'Claudia.Antonio', '', '', 'Claudia.Antonio@contact.com', true, true, '2017-03-10 19:50:52.412073');
INSERT INTO public.dplanapp_site (id, site_name, phone, address, max_attendance, user_id, photo) VALUES (75, 'Coronado S.R.L', 33-3684-9701, 'Rampa Chihuahua S/N Planta alta, Tenabo, SLP 49606', 705, 108, 'profilePictures/eyesFB2.0.png');
INSERT INTO public.dplanapp_event (id, name, title_event, description, technical_req, duration, max_attendance, price, date_event, date_ini, date_end, status, gender_id,sub_gender_id,winner_id, site_id) VALUES(74, 'Tabasco birds', 'Baby, Electronics & Grocery', 'software monitorizada por red Innovador', 'Clarinete', 5, 705, 435327, '2018-01-01 08:00:11', '2018-01-01 08:00:11', '2018-01-01 11:00:11', 'O', 1, 1, NULL, 75);
INSERT INTO public.auth_user (id, password, last_login, is_superuser, username, first_name, last_name, email, is_staff, is_active, date_joined) VALUES (109,'pbkdf2_sha256$24000$2Pi6CjMjgA7D$NtEcGcuFbiuWTJSVGl+oHo2pvK6zzJTJTAd6sfQD8j4=', '2017-03-10 19:53:46.474341', true, 'Rocío.Osorio', '', '', 'Rocío.Osorio@contact.com', true, true, '2017-03-10 19:50:52.412073');
INSERT INTO public.dplanapp_site (id, site_name, phone, address, max_attendance, user_id, photo) VALUES (76, 'Caballero y Caballero S.A.B.', (81) 1601 2537, 'Glorieta Adela 5 Piso 52, Bustamante, CAM 05974', 308, 109, 'profilePictures/eyesFB2.0.png');
INSERT INTO public.dplanapp_event (id, name, title_event, description, technical_req, duration, max_attendance, price, date_event, date_ini, date_end, status, gender_id,sub_gender_id,winner_id, site_id) VALUES(75, 'Querétaro birds', 'Kids', 'extranet innovadora Para toda la empresa', 'Guitarra Eléctrica', 5, 308, 451801, '2018-04-16 05:10:25', '2018-04-16 05:10:25', '2018-04-16 08:10:25', 'O', 2, 11, NULL, 76);
INSERT INTO public.auth_user (id, password, last_login, is_superuser, username, first_name, last_name, email, is_staff, is_active, date_joined) VALUES (110,'pbkdf2_sha256$24000$2Pi6CjMjgA7D$NtEcGcuFbiuWTJSVGl+oHo2pvK6zzJTJTAd6sfQD8j4=', '2017-03-10 19:53:46.474341', true, 'Ernesto.Córdova', '', '', 'Ernesto.Córdova@contact.com', true, true, '2017-03-10 19:50:52.412073');
INSERT INTO public.dplanapp_site (id, site_name, phone, address, max_attendance, user_id, photo) VALUES (77, 'Corona, Corona y Corona Asociados S.C.', 33-7158-2133, 'Calle Rogelio 78 Int. 3, Lerdo, ZAC 18990', 165, 110, 'profilePictures/eyesFB2.0.png');
INSERT INTO public.dplanapp_event (id, name, title_event, description, technical_req, duration, max_attendance, price, date_event, date_ini, date_end, status, gender_id,sub_gender_id,winner_id, site_id) VALUES(76, 'Chihuahua warlocks', 'Electronics, Grocery & Industrial', 'estrategia terciaria Proactivo', 'Arpa', 3, 165, 492309, '2017-10-16 01:51:07', '2017-10-16 01:51:07', '2017-10-16 04:51:07', 'O', 1, 1, NULL, 77);
INSERT INTO public.auth_user (id, password, last_login, is_superuser, username, first_name, last_name, email, is_staff, is_active, date_joined) VALUES (111,'pbkdf2_sha256$24000$2Pi6CjMjgA7D$NtEcGcuFbiuWTJSVGl+oHo2pvK6zzJTJTAd6sfQD8j4=', '2017-03-10 19:53:46.474341', true, 'Javier.Román', '', '', 'Javier.Román@contact.com', true, true, '2017-03-10 19:50:52.412073');
INSERT INTO public.dplanapp_site (id, site_name, phone, address, max_attendance, user_id, photo) VALUES (78, 'Grupo Financiero Esquivel S.R.L', 862-308-1980, 'Huerta Suchiate 522, Culiacán, SIN 11278', 708, 111, 'profilePictures/eyesFB2.0.png');
INSERT INTO public.dplanapp_event (id, name, title_event, description, technical_req, duration, max_attendance, price, date_event, date_ini, date_end, status, gender_id,sub_gender_id,winner_id, site_id) VALUES(77, 'Zacatecas elves', 'Shoes', 'caja de herramientas analizada Asimilado', 'Armónica', 3, 708, 417882, '2018-04-22 09:03:25', '2018-04-22 09:03:25', '2018-04-22 12:03:25', 'O', 1, 5, NULL, 78);
INSERT INTO public.auth_user (id, password, last_login, is_superuser, username, first_name, last_name, email, is_staff, is_active, date_joined) VALUES (112,'pbkdf2_sha256$24000$2Pi6CjMjgA7D$NtEcGcuFbiuWTJSVGl+oHo2pvK6zzJTJTAd6sfQD8j4=', '2017-03-10 19:53:46.474341', true, 'Alfonso.Valle', '', '', 'Alfonso.Valle@contact.com', true, true, '2017-03-10 19:50:52.412073');
INSERT INTO public.dplanapp_site (id, site_name, phone, address, max_attendance, user_id, photo) VALUES (79, 'Barrios Barrios S.A. de C.V.', (656) 177 5807, 'Barranco Marcela Pacheco 99, Ensenada, ZAC 49883', 845, 112, 'profilePictures/eyesFB2.0.png');
INSERT INTO public.dplanapp_event (id, name, title_event, description, technical_req, duration, max_attendance, price, date_event, date_ini, date_end, status, gender_id,sub_gender_id,winner_id, site_id) VALUES(78, 'Sinaloa sheep', 'Tools', 'medición transicional Exclusivo', 'Ukelele', 1, 845, 50467, '2018-01-10 07:00:37', '2018-01-10 07:00:37', '2018-01-10 10:00:37', 'O', 2, 8, NULL, 79);
INSERT INTO public.auth_user (id, password, last_login, is_superuser, username, first_name, last_name, email, is_staff, is_active, date_joined) VALUES (113,'pbkdf2_sha256$24000$2Pi6CjMjgA7D$NtEcGcuFbiuWTJSVGl+oHo2pvK6zzJTJTAd6sfQD8j4=', '2017-03-10 19:53:46.474341', true, 'Héctor.Vargas', '', '', 'Héctor.Vargas@contact.com', true, true, '2017-03-10 19:50:52.412073');
INSERT INTO public.dplanapp_site (id, site_name, phone, address, max_attendance, user_id, photo) VALUES (80, 'Colegio Quiroz S.R.L', 284-234-2140, 'Piso 1 Jardines Saúl Velázquez 12109 Interior ?5, Saric, MOR 36026', 743, 113, 'profilePictures/eyesFB2.0.png');
INSERT INTO public.dplanapp_event (id, name, title_event, description, technical_req, duration, max_attendance, price, date_event, date_ini, date_end, status, gender_id,sub_gender_id,winner_id, site_id) VALUES(79, 'Guerrero chimeras', 'Grocery', 'implementación logística Multi grupo', 'Acordión', 4, 743, 358395, '2017-05-13 12:14:10', '2017-05-13 12:14:10', '2017-05-13 03:14:10', 'O', 1, 3, NULL, 80);
INSERT INTO public.auth_user (id, password, last_login, is_superuser, username, first_name, last_name, email, is_staff, is_active, date_joined) VALUES (114,'pbkdf2_sha256$24000$2Pi6CjMjgA7D$NtEcGcuFbiuWTJSVGl+oHo2pvK6zzJTJTAd6sfQD8j4=', '2017-03-10 19:53:46.474341', true, 'Enrique.Vega', '', '', 'Enrique.Vega@contact.com', true, true, '2017-03-10 19:50:52.412073');
INSERT INTO public.dplanapp_site (id, site_name, phone, address, max_attendance, user_id, photo) VALUES (81, 'Mora S.A.', 627 036 1572, 'Piso 2 Glorieta José Juan Serrano 853 Piso 45, Epazoyucan, HID 23017', 955, 114, 'profilePictures/eyesFB2.0.png');
INSERT INTO public.dplanapp_event (id, name, title_event, description, technical_req, duration, max_attendance, price, date_event, date_ini, date_end, status, gender_id,sub_gender_id,winner_id, site_id) VALUES(80, 'Colima warlocks', 'Movies', 'aprovechar regional Operativo', 'Violín', 6, 955, 110996, '2017-12-19 12:05:50', '2017-12-19 12:05:50', '2017-12-19 03:05:50', 'O', 1, 5, NULL, 81);
INSERT INTO public.auth_user (id, password, last_login, is_superuser, username, first_name, last_name, email, is_staff, is_active, date_joined) VALUES (115,'pbkdf2_sha256$24000$2Pi6CjMjgA7D$NtEcGcuFbiuWTJSVGl+oHo2pvK6zzJTJTAd6sfQD8j4=', '2017-03-10 19:53:46.474341', true, 'Lidia.Bernal', '', '', 'Lidia.Bernal@contact.com', true, true, '2017-03-10 19:50:52.412073');
INSERT INTO public.dplanapp_site (id, site_name, phone, address, max_attendance, user_id, photo) VALUES (82, 'Grupo Parra S.A.', 231-675-8705, 'Interior ?7 Privada Guerrero 143 Planta baja, Tochimilco, PUE 34723', 283, 115, 'profilePictures/eyesFB2.0.png');
INSERT INTO public.dplanapp_event (id, name, title_event, description, technical_req, duration, max_attendance, price, date_event, date_ini, date_end, status, gender_id,sub_gender_id,winner_id, site_id) VALUES(81, 'Zacatecas worshipers', 'Industrial', 'flexibilidad orientada a soluciones Enfocado', 'Armónica', 5, 283, 216179, '2018-01-13 12:15:51', '2018-01-13 12:15:51', '2018-01-13 03:15:51', 'O', 1, 4, NULL, 82);
INSERT INTO public.auth_user (id, password, last_login, is_superuser, username, first_name, last_name, email, is_staff, is_active, date_joined) VALUES (116,'pbkdf2_sha256$24000$2Pi6CjMjgA7D$NtEcGcuFbiuWTJSVGl+oHo2pvK6zzJTJTAd6sfQD8j4=', '2017-03-10 19:53:46.474341', true, 'Angélica.Durán', '', '', 'Angélica.Durán@contact.com', true, true, '2017-03-10 19:50:52.412073');
INSERT INTO public.dplanapp_site (id, site_name, phone, address, max_attendance, user_id, photo) VALUES (83, 'Quiroz Quiroz S.C.', 777 598 5787, 'Rincón Milpa Alta 7, Suchiate, VER 05513', 506, 116, 'profilePictures/eyesFB2.0.png');
INSERT INTO public.dplanapp_event (id, name, title_event, description, technical_req, duration, max_attendance, price, date_event, date_ini, date_end, status, gender_id,sub_gender_id,winner_id, site_id) VALUES(82, 'Michoacán elves', 'Automotive & Garden', 'paradigma orientada a soluciones Compatible', 'Saxofón', 2, 506, 431736, '2017-10-08 11:05:54', '2017-10-08 11:05:54', '2017-10-08 02:05:54', 'O', 2, 10, NULL, 83);
INSERT INTO public.auth_user (id, password, last_login, is_superuser, username, first_name, last_name, email, is_staff, is_active, date_joined) VALUES (117,'pbkdf2_sha256$24000$2Pi6CjMjgA7D$NtEcGcuFbiuWTJSVGl+oHo2pvK6zzJTJTAd6sfQD8j4=', '2017-03-10 19:53:46.474341', true, 'Carolina.Trujillo', '', '', 'Carolina.Trujillo@contact.com', true, true, '2017-03-10 19:50:52.412073');
INSERT INTO public.dplanapp_site (id, site_name, phone, address, max_attendance, user_id, photo) VALUES (84, 'Domínguez y Domínguez S.A.B.', 33-1529-8773, 'Interior 912 Plaza Campeche 2, Mazatlan, COL 94728', 308, 117, 'profilePictures/eyesFB2.0.png');
INSERT INTO public.dplanapp_event (id, name, title_event, description, technical_req, duration, max_attendance, price, date_event, date_ini, date_end, status, gender_id,sub_gender_id,winner_id, site_id) VALUES(83, 'Durango black cats', 'Books & Outdoors', 'red de area local defectos cero Totalmente configurable', 'Bateria', 2, 308, 480687, '2018-01-09 06:46:25', '2018-01-09 06:46:25', '2018-01-09 09:46:25', 'O', 2, 11, NULL, 84);
INSERT INTO public.auth_user (id, password, last_login, is_superuser, username, first_name, last_name, email, is_staff, is_active, date_joined) VALUES (118,'pbkdf2_sha256$24000$2Pi6CjMjgA7D$NtEcGcuFbiuWTJSVGl+oHo2pvK6zzJTJTAd6sfQD8j4=', '2017-03-10 19:53:46.474341', true, 'Patricia.Arriaga', '', '', 'Patricia.Arriaga@contact.com', true, true, '2017-03-10 19:50:52.412073');
INSERT INTO public.dplanapp_site (id, site_name, phone, address, max_attendance, user_id, photo) VALUES (85, 'Fondo Macías S.A.B.', 919-109-1520, 'Conjunto Carolina 1884, Esperanza, DUR 36991', 337, 118, 'profilePictures/eyesFB2.0.png');
INSERT INTO public.dplanapp_event (id, name, title_event, description, technical_req, duration, max_attendance, price, date_event, date_ini, date_end, status, gender_id,sub_gender_id,winner_id, site_id) VALUES(84, 'Baja California elephants', 'Electronics', 'flexibilidad logística En red', 'Acordión', 1, 337, 87984, '2017-06-17 02:42:32', '2017-06-17 02:42:32', '2017-06-17 05:42:32', 'O', 2, 8, NULL, 85);
INSERT INTO public.auth_user (id, password, last_login, is_superuser, username, first_name, last_name, email, is_staff, is_active, date_joined) VALUES (119,'pbkdf2_sha256$24000$2Pi6CjMjgA7D$NtEcGcuFbiuWTJSVGl+oHo2pvK6zzJTJTAd6sfQD8j4=', '2017-03-10 19:53:46.474341', true, 'Hugo.Leal', '', '', 'Hugo.Leal@contact.com', true, true, '2017-03-10 19:50:52.412073');
INSERT INTO public.dplanapp_site (id, site_name, phone, address, max_attendance, user_id, photo) VALUES (86, 'Pineda S.A.B.', 463 630 0887, 'Interior 022 Manzana Rosalba 0 Departamento 131, Coyoacán, QUE 06056', 766, 119, 'profilePictures/eyesFB2.0.png');
INSERT INTO public.dplanapp_event (id, name, title_event, description, technical_req, duration, max_attendance, price, date_event, date_ini, date_end, status, gender_id,sub_gender_id,winner_id, site_id) VALUES(85, 'Morelos gooses', 'Automotive, Books & Music', 'implementación local Extendido', 'Guitarra Eléctrica', 1, 766, 254872, '2017-12-26 04:54:30', '2017-12-26 04:54:30', '2017-12-26 07:54:30', 'O', 1, 4, NULL, 86);
INSERT INTO public.auth_user (id, password, last_login, is_superuser, username, first_name, last_name, email, is_staff, is_active, date_joined) VALUES (120,'pbkdf2_sha256$24000$2Pi6CjMjgA7D$NtEcGcuFbiuWTJSVGl+oHo2pvK6zzJTJTAd6sfQD8j4=', '2017-03-10 19:53:46.474341', true, 'César.Cabrera', '', '', 'César.Cabrera@contact.com', true, true, '2017-03-10 19:50:52.412073');
INSERT INTO public.dplanapp_site (id, site_name, phone, address, max_attendance, user_id, photo) VALUES (87, 'García S.C.', 81 3981 4845, 'Carretera Rosalba Vega 0185 Int. 5, Huayacocotla, OAX 92606', 262, 120, 'profilePictures/eyesFB2.0.png');
INSERT INTO public.dplanapp_event (id, name, title_event, description, technical_req, duration, max_attendance, price, date_event, date_ini, date_end, status, gender_id,sub_gender_id,winner_id, site_id) VALUES(86, 'Durango whales', 'Computers, Movies & Toys', 'proyección terciaria Implementado', 'Clarinete', 5, 262, 297053, '2017-06-17 02:47:13', '2017-06-17 02:47:13', '2017-06-17 05:47:13', 'O', 2, 10, NULL, 87);
INSERT INTO public.auth_user (id, password, last_login, is_superuser, username, first_name, last_name, email, is_staff, is_active, date_joined) VALUES (121,'pbkdf2_sha256$24000$2Pi6CjMjgA7D$NtEcGcuFbiuWTJSVGl+oHo2pvK6zzJTJTAd6sfQD8j4=', '2017-03-10 19:53:46.474341', true, 'Javier.Martínez', '', '', 'Javier.Martínez@contact.com', true, true, '2017-03-10 19:50:52.412073');
INSERT INTO public.dplanapp_site (id, site_name, phone, address, max_attendance, user_id, photo) VALUES (88, 'Alcántara Alcántara S.A. de C.V.', (81) 1656 2350, 'Manzana Martha S/N Int. 1, Cuencame, MIC 26996', 355, 121, 'profilePictures/eyesFB2.0.png');
INSERT INTO public.dplanapp_event (id, name, title_event, description, technical_req, duration, max_attendance, price, date_event, date_ini, date_end, status, gender_id,sub_gender_id,winner_id, site_id) VALUES(87, 'Quintana Roo people', 'Baby', 'función intermedia Orientado a objetos', 'Violonchelo', 2, 355, 188516, '2017-04-28 01:03:07', '2017-04-28 01:03:07', '2017-04-28 04:03:07', 'O', 1, 5, NULL, 88);
INSERT INTO public.auth_user (id, password, last_login, is_superuser, username, first_name, last_name, email, is_staff, is_active, date_joined) VALUES (122,'pbkdf2_sha256$24000$2Pi6CjMjgA7D$NtEcGcuFbiuWTJSVGl+oHo2pvK6zzJTJTAd6sfQD8j4=', '2017-03-10 19:53:46.474341', true, 'Gabriela.Muñoz', '', '', 'Gabriela.Muñoz@contact.com', true, true, '2017-03-10 19:50:52.412073');
INSERT INTO public.dplanapp_site (id, site_name, phone, address, max_attendance, user_id, photo) VALUES (89, 'Fondo Cárdenas S.A. de C.V.', 81 8368 7298, 'Paseo Aurora Islas 5177, Villa Victoria, SON 13273', 680, 122, 'profilePictures/eyesFB2.0.png');
INSERT INTO public.dplanapp_event (id, name, title_event, description, technical_req, duration, max_attendance, price, date_event, date_ini, date_end, status, gender_id,sub_gender_id,winner_id, site_id) VALUES(88, 'Campeche zebras', 'Beauty', 'sistema abierto óptima Public-key', 'Piano', 3, 680, 127477, '2018-04-27 02:02:23', '2018-04-27 02:02:23', '2018-04-27 05:02:23', 'O', 2, 8, NULL, 89);
INSERT INTO public.auth_user (id, password, last_login, is_superuser, username, first_name, last_name, email, is_staff, is_active, date_joined) VALUES (123,'pbkdf2_sha256$24000$2Pi6CjMjgA7D$NtEcGcuFbiuWTJSVGl+oHo2pvK6zzJTJTAd6sfQD8j4=', '2017-03-10 19:53:46.474341', true, 'Benjamín.Toledo', '', '', 'Benjamín.Toledo@contact.com', true, true, '2017-03-10 19:50:52.412073');
INSERT INTO public.dplanapp_site (id, site_name, phone, address, max_attendance, user_id, photo) VALUES (90, 'Fondo Cuevas S.A.B.', 33-1000-9853, 'Manzana Durango 20634 Piso 46, Atolinga, SLP 92341', 707, 123, 'profilePictures/eyesFB2.0.png');
INSERT INTO public.dplanapp_event (id, name, title_event, description, technical_req, duration, max_attendance, price, date_event, date_ini, date_end, status, gender_id,sub_gender_id,winner_id, site_id) VALUES(89, 'Puebla cats', 'Games, Grocery & Shoes', 'medición bidireccional Organico', 'Piano', 2, 707, 442820, '2017-09-17 01:06:06', '2017-09-17 01:06:06', '2017-09-17 04:06:06', 'O', 2, 8, NULL, 90);
INSERT INTO public.auth_user (id, password, last_login, is_superuser, username, first_name, last_name, email, is_staff, is_active, date_joined) VALUES (124,'pbkdf2_sha256$24000$2Pi6CjMjgA7D$NtEcGcuFbiuWTJSVGl+oHo2pvK6zzJTJTAd6sfQD8j4=', '2017-03-10 19:53:46.474341', true, 'Alberto.Romo', '', '', 'Alberto.Romo@contact.com', true, true, '2017-03-10 19:50:52.412073');
INSERT INTO public.dplanapp_site (id, site_name, phone, address, max_attendance, user_id, photo) VALUES (91, 'Carrillo Carrillo S.A.B.', 727 130 6808, 'Interior ?3 Manzana Isidro Reséndiz 26088 4ª Planta, El Salvador, GUA 86080', 854, 124, 'profilePictures/eyesFB2.0.png');
INSERT INTO public.dplanapp_event (id, name, title_event, description, technical_req, duration, max_attendance, price, date_event, date_ini, date_end, status, gender_id,sub_gender_id,winner_id, site_id) VALUES(90, 'Colima ghosts', 'Baby, Electronics & Tools', 'estructura de precios cliente servidor Diverso', 'Acordión', 2, 854, 394097, '2017-10-21 11:04:41', '2017-10-21 11:04:41', '2017-10-22 02:04:41', 'O', 1, 6, NULL, 91);
INSERT INTO public.auth_user (id, password, last_login, is_superuser, username, first_name, last_name, email, is_staff, is_active, date_joined) VALUES (125,'pbkdf2_sha256$24000$2Pi6CjMjgA7D$NtEcGcuFbiuWTJSVGl+oHo2pvK6zzJTJTAd6sfQD8j4=', '2017-03-10 19:53:46.474341', true, 'Gregorio.Flores', '', '', 'Gregorio.Flores@contact.com', true, true, '2017-03-10 19:50:52.412073');
INSERT INTO public.dplanapp_site (id, site_name, phone, address, max_attendance, user_id, photo) VALUES (92, 'Garza S.A.B.', 33 6694 7159, 'Huerta Raúl Lugo 8411 Planta alta, Mier y Noriega, COA 23587', 492, 125, 'profilePictures/eyesFB2.0.png');
INSERT INTO public.dplanapp_event (id, name, title_event, description, technical_req, duration, max_attendance, price, date_event, date_ini, date_end, status, gender_id,sub_gender_id,winner_id, site_id) VALUES(91, 'Nuevo León pigs', 'Beauty & Shoes', 'alianza recíproca Multi plataforma', 'Piano', 6, 492, 82491, '2017-06-28 08:45:40', '2017-06-28 08:45:40', '2017-06-28 11:45:40', 'O', 2, 12, NULL, 92);
INSERT INTO public.auth_user (id, password, last_login, is_superuser, username, first_name, last_name, email, is_staff, is_active, date_joined) VALUES (126,'pbkdf2_sha256$24000$2Pi6CjMjgA7D$NtEcGcuFbiuWTJSVGl+oHo2pvK6zzJTJTAd6sfQD8j4=', '2017-03-10 19:53:46.474341', true, 'Reyna.Cervantes', '', '', 'Reyna.Cervantes@contact.com', true, true, '2017-03-10 19:50:52.412073');
INSERT INTO public.dplanapp_site (id, site_name, phone, address, max_attendance, user_id, photo) VALUES (93, 'Benítez y Benítez S.A. de C.V.', 33-0651-3338, 'Explanada Querétaro 06 Piso 59, Tepic, DUR 92470', 974, 126, 'profilePictures/eyesFB2.0.png');
INSERT INTO public.dplanapp_event (id, name, title_event, description, technical_req, duration, max_attendance, price, date_event, date_ini, date_end, status, gender_id,sub_gender_id,winner_id, site_id) VALUES(92, 'Coahuila monkeys', 'Sports', 'modelo radical Re-implementado', 'Guitarra Acústica', 2, 974, 277186, '2017-06-18 10:55:36', '2017-06-18 10:55:36', '2017-06-19 01:55:36', 'O', 2, 12, NULL, 93);
INSERT INTO public.auth_user (id, password, last_login, is_superuser, username, first_name, last_name, email, is_staff, is_active, date_joined) VALUES (127,'pbkdf2_sha256$24000$2Pi6CjMjgA7D$NtEcGcuFbiuWTJSVGl+oHo2pvK6zzJTJTAd6sfQD8j4=', '2017-03-10 19:53:46.474341', true, 'Amalia.Madrigal', '', '', 'Amalia.Madrigal@contact.com', true, true, '2017-03-10 19:50:52.412073');
INSERT INTO public.dplanapp_site (id, site_name, phone, address, max_attendance, user_id, photo) VALUES (94, 'de León de León S.R.L', 285-997-7180, 'Glorieta Verónica Lira 133, Calakmul, AGU 38416', 813, 127, 'profilePictures/eyesFB2.0.png');
INSERT INTO public.dplanapp_event (id, name, title_event, description, technical_req, duration, max_attendance, price, date_event, date_ini, date_end, status, gender_id,sub_gender_id,winner_id, site_id) VALUES(93, 'Querétaro ghosts', 'Grocery & Kids', 'conjunto sistemática Implementado', 'Xilofón', 2, 813, 146626, '2017-06-26 11:22:41', '2017-06-26 11:22:41', '2017-06-27 02:22:41', 'O', 1, 2, NULL, 94);
INSERT INTO public.auth_user (id, password, last_login, is_superuser, username, first_name, last_name, email, is_staff, is_active, date_joined) VALUES (128,'pbkdf2_sha256$24000$2Pi6CjMjgA7D$NtEcGcuFbiuWTJSVGl+oHo2pvK6zzJTJTAd6sfQD8j4=', '2017-03-10 19:53:46.474341', true, 'Felipe.Aranda', '', '', 'Felipe.Aranda@contact.com', true, true, '2017-03-10 19:50:52.412073');
INSERT INTO public.dplanapp_site (id, site_name, phone, address, max_attendance, user_id, photo) VALUES (95, 'Fondo Trejo S.A.B.', (33) 5978 0471, 'Lago Alejandra 945, Santiago Nuyoo, COL 75673', 879, 128, 'profilePictures/eyesFB2.0.png');
INSERT INTO public.dplanapp_event (id, name, title_event, description, technical_req, duration, max_attendance, price, date_event, date_ini, date_end, status, gender_id,sub_gender_id,winner_id, site_id) VALUES(94, 'Chiapas zebras', 'Health', 'conglomeración transicional Optimizado', 'Armónica', 5, 879, 461981, '2018-01-27 01:12:04', '2018-01-27 01:12:04', '2018-01-27 04:12:04', 'O', 1, 2, NULL, 95);
INSERT INTO public.auth_user (id, password, last_login, is_superuser, username, first_name, last_name, email, is_staff, is_active, date_joined) VALUES (129,'pbkdf2_sha256$24000$2Pi6CjMjgA7D$NtEcGcuFbiuWTJSVGl+oHo2pvK6zzJTJTAd6sfQD8j4=', '2017-03-10 19:53:46.474341', true, 'Angelina.Reyna', '', '', 'Angelina.Reyna@contact.com', true, true, '2017-03-10 19:50:52.412073');
INSERT INTO public.dplanapp_site (id, site_name, phone, address, max_attendance, user_id, photo) VALUES (96, 'Guzmán S.R.L', 415-209-3091, 'Piso 42 Sector Julio Carbajal 99383, Esperanza, TAM 19693', 554, 129, 'profilePictures/eyesFB2.0.png');
INSERT INTO public.dplanapp_event (id, name, title_event, description, technical_req, duration, max_attendance, price, date_event, date_ini, date_end, status, gender_id,sub_gender_id,winner_id, site_id) VALUES(95, 'Michoacán oracles', 'Shoes', 'previsión terciaria Mejorado', 'Bajo', 5, 554, 205292, '2017-11-30 12:39:29', '2017-11-30 12:39:29', '2017-11-30 03:39:29', 'O', 1, 3, NULL, 96);
INSERT INTO public.auth_user (id, password, last_login, is_superuser, username, first_name, last_name, email, is_staff, is_active, date_joined) VALUES (130,'pbkdf2_sha256$24000$2Pi6CjMjgA7D$NtEcGcuFbiuWTJSVGl+oHo2pvK6zzJTJTAd6sfQD8j4=', '2017-03-10 19:53:46.474341', true, 'Rodrigo.Ocampo', '', '', 'Rodrigo.Ocampo@contact.com', true, true, '2017-03-10 19:50:52.412073');
INSERT INTO public.dplanapp_site (id, site_name, phone, address, max_attendance, user_id, photo) VALUES (97, 'Montes Montes S.A.', 249-532-8129, 'Grupo Yucatán 2 Depto. 055, Santiago Nuyoo, VER 37322', 368, 130, 'profilePictures/eyesFB2.0.png');
INSERT INTO public.dplanapp_event (id, name, title_event, description, technical_req, duration, max_attendance, price, date_event, date_ini, date_end, status, gender_id,sub_gender_id,winner_id, site_id) VALUES(96, 'Durango spirits', 'Computers & Outdoors', 'conjunto de instrucciones dinámica Multi lateral', 'Saxofón', 3, 368, 246644, '2017-09-20 04:40:28', '2017-09-20 04:40:28', '2017-09-20 07:40:28', 'O', 2, 9, NULL, 97);
INSERT INTO public.auth_user (id, password, last_login, is_superuser, username, first_name, last_name, email, is_staff, is_active, date_joined) VALUES (131,'pbkdf2_sha256$24000$2Pi6CjMjgA7D$NtEcGcuFbiuWTJSVGl+oHo2pvK6zzJTJTAd6sfQD8j4=', '2017-03-10 19:53:46.474341', true, 'Santiago.Mata', '', '', 'Santiago.Mata@contact.com', true, true, '2017-03-10 19:50:52.412073');
INSERT INTO public.dplanapp_site (id, site_name, phone, address, max_attendance, user_id, photo) VALUES (98, 'Guerra, Guerra y Guerra Asociados S.A. de C.V.', (33) 9580 9074, 'Barranco Torreón 80725, Comala, CHH 42629', 277, 131, 'profilePictures/eyesFB2.0.png');
INSERT INTO public.dplanapp_event (id, name, title_event, description, technical_req, duration, max_attendance, price, date_event, date_ini, date_end, status, gender_id,sub_gender_id,winner_id, site_id) VALUES(97, 'Colima fishes', 'Automotive', 'modelo metódica Enfocado en la calidad', 'Violín', 4, 277, 365852, '2017-06-27 08:10:26', '2017-06-27 08:10:26', '2017-06-27 11:10:26', 'O', 1, 1, NULL, 98);
INSERT INTO public.auth_user (id, password, last_login, is_superuser, username, first_name, last_name, email, is_staff, is_active, date_joined) VALUES (132,'pbkdf2_sha256$24000$2Pi6CjMjgA7D$NtEcGcuFbiuWTJSVGl+oHo2pvK6zzJTJTAd6sfQD8j4=', '2017-03-10 19:53:46.474341', true, 'Julio.Espinosa', '', '', 'Julio.Espinosa@contact.com', true, true, '2017-03-10 19:50:52.412073');
INSERT INTO public.dplanapp_site (id, site_name, phone, address, max_attendance, user_id, photo) VALUES (99, 'Colegio Santos S.R.L', (634) 556 8039, 'Interior ?2 Subida Aurora Balderas 093 Planta baja, La Yesca, NAY 72949', 656, 132, 'profilePictures/eyesFB2.0.png');
INSERT INTO public.dplanapp_event (id, name, title_event, description, technical_req, duration, max_attendance, price, date_event, date_ini, date_end, status, gender_id,sub_gender_id,winner_id, site_id) VALUES(98, 'San Luis Potosí fishes', 'Sports', 'sinergia innovadora Reducido', 'Saxofón', 5, 656, 79329, '2017-09-03 02:12:26', '2017-09-03 02:12:26', '2017-09-03 05:12:26', 'O', 1, 4, NULL, 99);
INSERT INTO public.auth_user (id, password, last_login, is_superuser, username, first_name, last_name, email, is_staff, is_active, date_joined) VALUES (133,'pbkdf2_sha256$24000$2Pi6CjMjgA7D$NtEcGcuFbiuWTJSVGl+oHo2pvK6zzJTJTAd6sfQD8j4=', '2017-03-10 19:53:46.474341', true, 'Raymundo.Beltrán', '', '', 'Raymundo.Beltrán@contact.com', true, true, '2017-03-10 19:50:52.412073');
INSERT INTO public.dplanapp_site (id, site_name, phone, address, max_attendance, user_id, photo) VALUES (100, 'Grupo Arroyo S.R.L', (315) 511 8571, 'Piso 8 Salida María de Lourdes Arriaga 5 Apartamento 28, Zacatepec, JAL 73858', 164, 133, 'profilePictures/eyesFB2.0.png');
INSERT INTO public.dplanapp_event (id, name, title_event, description, technical_req, duration, max_attendance, price, date_event, date_ini, date_end, status, gender_id,sub_gender_id,winner_id, site_id) VALUES(99, 'Veracruz elves', 'Health & Toys', 'interfaz hibrida Automatizado', 'Armónica', 6, 164, 288673, '2018-03-11 02:52:01', '2018-03-11 02:52:01', '2018-03-11 05:52:01', 'O', 2, 10, NULL, 100);
INSERT INTO public.auth_user (id, password, last_login, is_superuser, username, first_name, last_name, email, is_staff, is_active, date_joined) VALUES (134,'pbkdf2_sha256$24000$2Pi6CjMjgA7D$NtEcGcuFbiuWTJSVGl+oHo2pvK6zzJTJTAd6sfQD8j4=', '2017-03-10 19:53:46.474341', true, 'Félix.Sandoval', '', '', 'Félix.Sandoval@contact.com', true, true, '2017-03-10 19:50:52.412073');
INSERT INTO public.dplanapp_site (id, site_name, phone, address, max_attendance, user_id, photo) VALUES (101, 'Martínez S.C.', 55 5078 4443, 'Piso 63 Carretera Durango 20, Monterrey, VER 05864', 966, 134, 'profilePictures/eyesFB2.0.png');
INSERT INTO public.dplanapp_event (id, name, title_event, description, technical_req, duration, max_attendance, price, date_event, date_ini, date_end, status, gender_id,sub_gender_id,winner_id, site_id) VALUES(100, 'Yucatán sheep', 'Books, Industrial & Kids', 'aplicación modular Operativo', 'Guitarra Acústica', 3, 966, 347621, '2017-08-29 04:27:45', '2017-08-29 04:27:45', '2017-08-29 07:27:45', 'O', 2, 8, NULL, 101);
INSERT INTO public.auth_user (id, password, last_login, is_superuser, username, first_name, last_name, email, is_staff, is_active, date_joined) VALUES (135,'pbkdf2_sha256$24000$2Pi6CjMjgA7D$NtEcGcuFbiuWTJSVGl+oHo2pvK6zzJTJTAd6sfQD8j4=', '2017-03-10 19:53:46.474341', true, 'Claudia.Valencia', '', '', 'Claudia.Valencia@contact.com', true, true, '2017-03-10 19:50:52.412073');
INSERT INTO public.dplanapp_site (id, site_name, phone, address, max_attendance, user_id, photo) VALUES (102, 'Rodríguez Rodríguez S.C.', 55 1460 6198, 'Rincón Penjamo S/N Piso 8, Naupan, NLE 40668', 871, 135, 'profilePictures/eyesFB2.0.png');
INSERT INTO public.dplanapp_event (id, name, title_event, description, technical_req, duration, max_attendance, price, date_event, date_ini, date_end, status, gender_id,sub_gender_id,winner_id, site_id) VALUES(101, 'Guanajuato dogs', 'Baby & Industrial', 'política modular Inverso', 'Bateria', 6, 871, 188421, '2017-10-20 12:26:16', '2017-10-20 12:26:16', '2017-10-20 03:26:16', 'O', 1, 2, NULL, 102);
INSERT INTO public.auth_user (id, password, last_login, is_superuser, username, first_name, last_name, email, is_staff, is_active, date_joined) VALUES (136,'pbkdf2_sha256$24000$2Pi6CjMjgA7D$NtEcGcuFbiuWTJSVGl+oHo2pvK6zzJTJTAd6sfQD8j4=', '2017-03-10 19:53:46.474341', true, 'Jesús.Ávalos', '', '', 'Jesús.Ávalos@contact.com', true, true, '2017-03-10 19:50:52.412073');
INSERT INTO public.dplanapp_site (id, site_name, phone, address, max_attendance, user_id, photo) VALUES (103, 'Vázquez Vázquez S.R.L', (734) 963 8530, 'Interior 353 Sector Moisés Ventura 4, Tlacuilotepec, PUE 72522', 817, 136, 'profilePictures/eyesFB2.0.png');
INSERT INTO public.dplanapp_event (id, name, title_event, description, technical_req, duration, max_attendance, price, date_event, date_ini, date_end, status, gender_id,sub_gender_id,winner_id, site_id) VALUES(102, 'Durango nemesis', 'Home', 'arquitectura abierta regional Polarizado', 'Ukelele', 3, 817, 53083, '2017-11-20 08:34:33', '2017-11-20 08:34:33', '2017-11-20 11:34:33', 'O', 2, 10, NULL, 103);
INSERT INTO public.auth_user (id, password, last_login, is_superuser, username, first_name, last_name, email, is_staff, is_active, date_joined) VALUES (137,'pbkdf2_sha256$24000$2Pi6CjMjgA7D$NtEcGcuFbiuWTJSVGl+oHo2pvK6zzJTJTAd6sfQD8j4=', '2017-03-10 19:53:46.474341', true, 'Victoria.Alarcón', '', '', 'Victoria.Alarcón@contact.com', true, true, '2017-03-10 19:50:52.412073');
INSERT INTO public.dplanapp_site (id, site_name, phone, address, max_attendance, user_id, photo) VALUES (104, 'Grupo Financiero González S.A. de C.V.', 81-4139-9547, 'Lago Martín 21, Tecomán, TAM 46171', 446, 137, 'profilePictures/eyesFB2.0.png');
INSERT INTO public.dplanapp_event (id, name, title_event, description, technical_req, duration, max_attendance, price, date_event, date_ini, date_end, status, gender_id,sub_gender_id,winner_id, site_id) VALUES(103, 'Aguascalientes druids', 'Games & Garden', 'funcionalidad amplio ábanico Inverso', 'Ukelele', 2, 446, 429830, '2018-03-30 09:58:42', '2018-03-30 09:58:42', '2018-03-30 12:58:42', 'O', 1, 3, NULL, 104);
INSERT INTO public.auth_user (id, password, last_login, is_superuser, username, first_name, last_name, email, is_staff, is_active, date_joined) VALUES (138,'pbkdf2_sha256$24000$2Pi6CjMjgA7D$NtEcGcuFbiuWTJSVGl+oHo2pvK6zzJTJTAd6sfQD8j4=', '2017-03-10 19:53:46.474341', true, 'Carlos.Macías', '', '', 'Carlos.Macías@contact.com', true, true, '2017-03-10 19:50:52.412073');
INSERT INTO public.dplanapp_site (id, site_name, phone, address, max_attendance, user_id, photo) VALUES (105, 'Grupo Financiero Rivas S.C.', 932-028-7581, 'Interior ?4 Lago Juan Carlos Arteaga 84196 Departamento 417, Celaya, MEX 55364', 475, 138, 'profilePictures/eyesFB2.0.png');
INSERT INTO public.dplanapp_event (id, name, title_event, description, technical_req, duration, max_attendance, price, date_event, date_ini, date_end, status, gender_id,sub_gender_id,winner_id, site_id) VALUES(104, 'Colima sons', 'Movies', 'enfoque maximizada Fundamental', 'Xilofón', 3, 475, 114645, '2017-07-23 02:49:22', '2017-07-23 02:49:22', '2017-07-23 05:49:22', 'O', 1, 4, NULL, 105);
