INSERT INTO public.auth_user (id, password, last_login, is_superuser, username, first_name, last_name, email, is_staff, is_active, date_joined) VALUES (29,'pbkdf2_sha256$24000$2Pi6CjMjgA7D$NtEcGcuFbiuWTJSVGl+oHo2pvK6zzJTJTAd6sfQD8j4=', '2017-03-10 19:53:46.474341', true, 'Bertha.Fernández', '', '', 'Bertha.Fernández@contact.com', true, true, '2017-03-10 19:50:52.412073');
INSERT INTO public.dplanapp_site (id, site_name, phone, address, max_attendance, user_id, photo) VALUES (6, 'Grupo Financiero Lara S.C.', 81-9085-9740, 'Jardines Victoria 3, Calakmul, NLE 57762', 247, 29, 'profilePictures/eyesFB2.0.png');
INSERT INTO public.dplanapp_event (id, name, title_event, description, technical_req, duration, max_attendance, price, date_event, date_ini, date_end, status, gender_id,sub_gender_id,winner_id, site_id) VALUES(5, 'Nayarit dwarves', 'Electronics, Grocery & Shoes', 'paralelismo óptima Reducido', 'Piano', 1, 247, 471822, '2018-02-08 07:06:57', '2018-02-08 07:06:57', '2018-02-08 10:06:57', 'O', 2, 12, NULL, 6);
INSERT INTO public.auth_user (id, password, last_login, is_superuser, username, first_name, last_name, email, is_staff, is_active, date_joined) VALUES (30,'pbkdf2_sha256$24000$2Pi6CjMjgA7D$NtEcGcuFbiuWTJSVGl+oHo2pvK6zzJTJTAd6sfQD8j4=', '2017-03-10 19:53:46.474341', true, 'Ismael.Ríos', '', '', 'Ismael.Ríos@contact.com', true, true, '2017-03-10 19:50:52.412073');
INSERT INTO public.dplanapp_site (id, site_name, phone, address, max_attendance, user_id, photo) VALUES (7, 'Hidalgo y Hidalgo S.R.L', (33) 1717 6229, 'Interior 461 Bajada Carmen Marín 09936 Interior 795, Cucurpe, CHP 39124', 282, 30, 'profilePictures/eyesFB2.0.png');
INSERT INTO public.dplanapp_event (id, name, title_event, description, technical_req, duration, max_attendance, price, date_event, date_ini, date_end, status, gender_id,sub_gender_id,winner_id, site_id) VALUES(6, 'Hidalgo buffalo', 'Music', 'previsión terciaria Amigable', 'Bajo', 3, 282, 163037, '2017-07-08 02:58:17', '2017-07-08 02:58:17', '2017-07-08 05:58:17', 'O', 1, 5, NULL, 7);
INSERT INTO public.auth_user (id, password, last_login, is_superuser, username, first_name, last_name, email, is_staff, is_active, date_joined) VALUES (31,'pbkdf2_sha256$24000$2Pi6CjMjgA7D$NtEcGcuFbiuWTJSVGl+oHo2pvK6zzJTJTAd6sfQD8j4=', '2017-03-10 19:53:46.474341', true, 'Felipe.Ochoa', '', '', 'Felipe.Ochoa@contact.com', true, true, '2017-03-10 19:50:52.412073');
INSERT INTO public.dplanapp_site (id, site_name, phone, address, max_attendance, user_id, photo) VALUES (8, 'Esparza Esparza S.A.B.', (993) 738 3533, 'Mercado Catalina 006, Chimalhuacán, GRO 98128', 194, 31, 'profilePictures/eyesFB2.0.png');
INSERT INTO public.dplanapp_event (id, name, title_event, description, technical_req, duration, max_attendance, price, date_event, date_ini, date_end, status, gender_id,sub_gender_id,winner_id, site_id) VALUES(7, 'Nayarit rabbits', 'Industrial, Outdoors & Tools', 'soporte intermedia Centralizado', 'Violonchelo', 5, 194, 209603, '2017-06-17 06:35:21', '2017-06-17 06:35:21', '2017-06-17 09:35:21', 'O', 1, 3, NULL, 8);
INSERT INTO public.auth_user (id, password, last_login, is_superuser, username, first_name, last_name, email, is_staff, is_active, date_joined) VALUES (32,'pbkdf2_sha256$24000$2Pi6CjMjgA7D$NtEcGcuFbiuWTJSVGl+oHo2pvK6zzJTJTAd6sfQD8j4=', '2017-03-10 19:53:46.474341', true, 'Víctor Hugo.Morán', '', '', 'Víctor Hugo.Morán@contact.com', true, true, '2017-03-10 19:50:52.412073');
INSERT INTO public.dplanapp_site (id, site_name, phone, address, max_attendance, user_id, photo) VALUES (9, 'Gil y Gil S.R.L', (951) 550 3225, 'Arroyo Alfredo 192, Apodaca, AGU 73140', 761, 32, 'profilePictures/eyesFB2.0.png');
INSERT INTO public.dplanapp_event (id, name, title_event, description, technical_req, duration, max_attendance, price, date_event, date_ini, date_end, status, gender_id,sub_gender_id,winner_id, site_id) VALUES(8, 'Campeche kangaroos', 'Jewelry', 'proceso de mejora sistemática Configurable', 'Acordión', 2, 761, 238150, '2018-04-01 05:15:20', '2018-04-01 05:15:20', '2018-04-01 08:15:20', 'O', 1, 1, NULL, 9);
INSERT INTO public.auth_user (id, password, last_login, is_superuser, username, first_name, last_name, email, is_staff, is_active, date_joined) VALUES (33,'pbkdf2_sha256$24000$2Pi6CjMjgA7D$NtEcGcuFbiuWTJSVGl+oHo2pvK6zzJTJTAd6sfQD8j4=', '2017-03-10 19:53:46.474341', true, 'Saúl.Aguirre', '', '', 'Saúl.Aguirre@contact.com', true, true, '2017-03-10 19:50:52.412073');
INSERT INTO public.dplanapp_site (id, site_name, phone, address, max_attendance, user_id, photo) VALUES (10, 'Galicia Galicia S.C.', (33) 8697 3727, 'Piso 1 Sector Carlos Alberto Sierra 918 Apartamento 06, Kaua, MOR 37496', 459, 33, 'profilePictures/eyesFB2.0.png');
INSERT INTO public.dplanapp_event (id, name, title_event, description, technical_req, duration, max_attendance, price, date_event, date_ini, date_end, status, gender_id,sub_gender_id,winner_id, site_id) VALUES(9, 'Veracruz buffalo', 'Garden', 'fuerza de trabajo maximizada Realineado', 'Bajo', 1, 459, 436206, '2017-07-06 11:56:16', '2017-07-06 11:56:16', '2017-07-07 02:56:16', 'O', 2, 10, NULL, 10);
INSERT INTO public.auth_user (id, password, last_login, is_superuser, username, first_name, last_name, email, is_staff, is_active, date_joined) VALUES (34,'pbkdf2_sha256$24000$2Pi6CjMjgA7D$NtEcGcuFbiuWTJSVGl+oHo2pvK6zzJTJTAd6sfQD8j4=', '2017-03-10 19:53:46.474341', true, 'Petra.Trejo', '', '', 'Petra.Trejo@contact.com', true, true, '2017-03-10 19:50:52.412073');
INSERT INTO public.dplanapp_site (id, site_name, phone, address, max_attendance, user_id, photo) VALUES (11, 'Pérez y Pérez S.A. de C.V.', 33-0838-5666, 'Interior 734 Barranco Marcos Vásquez 06622 Piso 4, Chanal, DIF 62550', 469, 34, 'profilePictures/eyesFB2.0.png');
INSERT INTO public.dplanapp_event (id, name, title_event, description, technical_req, duration, max_attendance, price, date_event, date_ini, date_end, status, gender_id,sub_gender_id,winner_id, site_id) VALUES(10, 'Michoacán owls', 'Toys', 'moderador local Centrado en el negocio', 'Bateria', 5, 469, 404347, '2017-09-10 02:42:47', '2017-09-10 02:42:47', '2017-09-10 05:42:47', 'O', 1, 1, NULL, 11);
INSERT INTO public.auth_user (id, password, last_login, is_superuser, username, first_name, last_name, email, is_staff, is_active, date_joined) VALUES (35,'pbkdf2_sha256$24000$2Pi6CjMjgA7D$NtEcGcuFbiuWTJSVGl+oHo2pvK6zzJTJTAd6sfQD8j4=', '2017-03-10 19:53:46.474341', true, 'Raúl.Sánchez', '', '', 'Raúl.Sánchez@contact.com', true, true, '2017-03-10 19:50:52.412073');
INSERT INTO public.dplanapp_site (id, site_name, phone, address, max_attendance, user_id, photo) VALUES (12, 'Cruz, Cruz y Cruz Asociados S.A. de C.V.', (81) 0981 7964, 'Prolongación José Angel Leyva 52 1ª Planta, Genaro Codina, BCS 68997', 112, 35, 'profilePictures/eyesFB2.0.png');
INSERT INTO public.dplanapp_event (id, name, title_event, description, technical_req, duration, max_attendance, price, date_event, date_ini, date_end, status, gender_id,sub_gender_id,winner_id, site_id) VALUES(11, 'Jalisco dragons', 'Electronics', 'estrategia escalable Enfocado en la calidad', 'Organo', 3, 112, 400622, '2017-09-19 04:08:06', '2017-09-19 04:08:06', '2017-09-19 07:08:06', 'O', 2, 12, NULL, 12);
INSERT INTO public.auth_user (id, password, last_login, is_superuser, username, first_name, last_name, email, is_staff, is_active, date_joined) VALUES (36,'pbkdf2_sha256$24000$2Pi6CjMjgA7D$NtEcGcuFbiuWTJSVGl+oHo2pvK6zzJTJTAd6sfQD8j4=', '2017-03-10 19:53:46.474341', true, 'Yolanda.Gutiérrez', '', '', 'Yolanda.Gutiérrez@contact.com', true, true, '2017-03-10 19:50:52.412073');
INSERT INTO public.dplanapp_site (id, site_name, phone, address, max_attendance, user_id, photo) VALUES (13, 'Cortez Cortez S.A. de C.V.', 327-073-9716, 'Monte Veracruz 3326 Int. 9, Marin, JAL 35812', 910, 36, 'profilePictures/eyesFB2.0.png');
INSERT INTO public.dplanapp_event (id, name, title_event, description, technical_req, duration, max_attendance, price, date_event, date_ini, date_end, status, gender_id,sub_gender_id,winner_id, site_id) VALUES(12, 'Puebla enchanters', 'Automotive, Computers & Toys', 'base del conocimiento sensible al contexto Fundamental', 'Ukelele', 5, 910, 327729, '2018-01-09 03:35:40', '2018-01-09 03:35:40', '2018-01-09 06:35:40', 'O', 1, 5, NULL, 13);
INSERT INTO public.auth_user (id, password, last_login, is_superuser, username, first_name, last_name, email, is_staff, is_active, date_joined) VALUES (37,'pbkdf2_sha256$24000$2Pi6CjMjgA7D$NtEcGcuFbiuWTJSVGl+oHo2pvK6zzJTJTAd6sfQD8j4=', '2017-03-10 19:53:46.474341', true, 'Raymundo.Orozco', '', '', 'Raymundo.Orozco@contact.com', true, true, '2017-03-10 19:50:52.412073');
INSERT INTO public.dplanapp_site (id, site_name, phone, address, max_attendance, user_id, photo) VALUES (14, 'Sotelo S.A. de C.V.', 55 6634 9364, 'Interior 124 Pasaje José Guadalupe 1711 Depto. 087, Canatlán, NAY 51573', 448, 37, 'profilePictures/eyesFB2.0.png');
INSERT INTO public.dplanapp_event (id, name, title_event, description, technical_req, duration, max_attendance, price, date_event, date_ini, date_end, status, gender_id,sub_gender_id,winner_id, site_id) VALUES(13, 'Jalisco gooses', 'Baby & Toys', 'red de area local defectos cero Robusto', 'Arpa', 3, 448, 88746, '2017-12-28 01:22:24', '2017-12-28 01:22:24', '2017-12-28 04:22:24', 'O', 1, 1, NULL, 14);
INSERT INTO public.auth_user (id, password, last_login, is_superuser, username, first_name, last_name, email, is_staff, is_active, date_joined) VALUES (38,'pbkdf2_sha256$24000$2Pi6CjMjgA7D$NtEcGcuFbiuWTJSVGl+oHo2pvK6zzJTJTAd6sfQD8j4=', '2017-03-10 19:53:46.474341', true, 'Ramón.Pacheco', '', '', 'Ramón.Pacheco@contact.com', true, true, '2017-03-10 19:50:52.412073');
INSERT INTO public.dplanapp_site (id, site_name, phone, address, max_attendance, user_id, photo) VALUES (15, 'Arreola S.A. de C.V.', 81-0596-6183, 'Planta baja Avenida Durango 305, Metepec, MEX 12241', 749, 38, 'profilePictures/eyesFB2.0.png');
INSERT INTO public.dplanapp_event (id, name, title_event, description, technical_req, duration, max_attendance, price, date_event, date_ini, date_end, status, gender_id,sub_gender_id,winner_id, site_id) VALUES(14, 'Coahuila cats', 'Movies', 'estandardización transicional Descentralizado', 'Flauta', 3, 749, 462518, '2017-07-09 04:40:08', '2017-07-09 04:40:08', '2017-07-09 07:40:08', 'O', 1, 4, NULL, 15);
INSERT INTO public.auth_user (id, password, last_login, is_superuser, username, first_name, last_name, email, is_staff, is_active, date_joined) VALUES (39,'pbkdf2_sha256$24000$2Pi6CjMjgA7D$NtEcGcuFbiuWTJSVGl+oHo2pvK6zzJTJTAd6sfQD8j4=', '2017-03-10 19:53:46.474341', true, 'Raquel.Cortez', '', '', 'Raquel.Cortez@contact.com', true, true, '2017-03-10 19:50:52.412073');
INSERT INTO public.dplanapp_site (id, site_name, phone, address, max_attendance, user_id, photo) VALUES (16, 'Miranda Miranda S.A. de C.V.', (81) 9576 4763, 'Arroyo Graciela Cruz 3744 Interior ?2, Moctezuma, COA 52311', 933, 39, 'profilePictures/eyesFB2.0.png');
INSERT INTO public.dplanapp_event (id, name, title_event, description, technical_req, duration, max_attendance, price, date_event, date_ini, date_end, status, gender_id,sub_gender_id,winner_id, site_id) VALUES(15, 'Tamaulipas geese', 'Music', 'arquitectura valor añadido Configurable', 'Flauta', 2, 933, 494554, '2017-04-28 10:42:12', '2017-04-28 10:42:12', '2017-04-28 01:42:12', 'O', 1, 5, NULL, 16);
INSERT INTO public.auth_user (id, password, last_login, is_superuser, username, first_name, last_name, email, is_staff, is_active, date_joined) VALUES (40,'pbkdf2_sha256$24000$2Pi6CjMjgA7D$NtEcGcuFbiuWTJSVGl+oHo2pvK6zzJTJTAd6sfQD8j4=', '2017-03-10 19:53:46.474341', true, 'Angelina.Valdés', '', '', 'Angelina.Valdés@contact.com', true, true, '2017-03-10 19:50:52.412073');
INSERT INTO public.dplanapp_site (id, site_name, phone, address, max_attendance, user_id, photo) VALUES (17, 'Villegas, Villegas y Villegas Asociados S.A. de C.V.', 55 0171 4199, 'Avenida Durango S/N, Moctezuma, TAM 64227', 972, 40, 'profilePictures/eyesFB2.0.png');
INSERT INTO public.dplanapp_event (id, name, title_event, description, technical_req, duration, max_attendance, price, date_event, date_ini, date_end, status, gender_id,sub_gender_id,winner_id, site_id) VALUES(16, 'Veracruz sons', 'Baby, Games & Tools', 'emulación 24/7 Obligatorio', 'Bajo', 3, 972, 406843, '2017-08-17 05:53:00', '2017-08-17 05:53:00', '2017-08-17 08:53:00', 'O', 1, 3, NULL, 17);
INSERT INTO public.auth_user (id, password, last_login, is_superuser, username, first_name, last_name, email, is_staff, is_active, date_joined) VALUES (41,'pbkdf2_sha256$24000$2Pi6CjMjgA7D$NtEcGcuFbiuWTJSVGl+oHo2pvK6zzJTJTAd6sfQD8j4=', '2017-03-10 19:53:46.474341', true, 'María de Lourdes.Coronado', '', '', 'María de Lourdes.Coronado@contact.com', true, true, '2017-03-10 19:50:52.412073');
INSERT INTO public.dplanapp_site (id, site_name, phone, address, max_attendance, user_id, photo) VALUES (18, 'Godínez S.C.', 312 470 2749, 'Piso 5 Muelle Rocío 04, Carbo, CAM 38097', 958, 41, 'profilePictures/eyesFB2.0.png');
INSERT INTO public.dplanapp_event (id, name, title_event, description, technical_req, duration, max_attendance, price, date_event, date_ini, date_end, status, gender_id,sub_gender_id,winner_id, site_id) VALUES(17, 'Sonora conspirators', 'Baby', 'gestión presupuestaria óptima Configurable', 'Organo', 5, 958, 401431, '2018-04-14 07:22:11', '2018-04-14 07:22:11', '2018-04-14 10:22:11', 'O', 1, 2, NULL, 18);
INSERT INTO public.auth_user (id, password, last_login, is_superuser, username, first_name, last_name, email, is_staff, is_active, date_joined) VALUES (42,'pbkdf2_sha256$24000$2Pi6CjMjgA7D$NtEcGcuFbiuWTJSVGl+oHo2pvK6zzJTJTAd6sfQD8j4=', '2017-03-10 19:53:46.474341', true, 'Benito.Vidal', '', '', 'Benito.Vidal@contact.com', true, true, '2017-03-10 19:50:52.412073');
INSERT INTO public.dplanapp_site (id, site_name, phone, address, max_attendance, user_id, photo) VALUES (19, 'Solano Solano S.C.', (988) 928 1395, 'Parque Tenosique 83427, Tahdziu, HID 41134', 117, 42, 'profilePictures/eyesFB2.0.png');
INSERT INTO public.dplanapp_event (id, name, title_event, description, technical_req, duration, max_attendance, price, date_event, date_ini, date_end, status, gender_id,sub_gender_id,winner_id, site_id) VALUES(18, 'Sinaloa horses', 'Sports', 'producto sistemática Organizado', 'Bajo', 5, 117, 76653, '2017-07-14 05:21:17', '2017-07-14 05:21:17', '2017-07-14 08:21:17', 'O', 2, 12, NULL, 19);
INSERT INTO public.auth_user (id, password, last_login, is_superuser, username, first_name, last_name, email, is_staff, is_active, date_joined) VALUES (43,'pbkdf2_sha256$24000$2Pi6CjMjgA7D$NtEcGcuFbiuWTJSVGl+oHo2pvK6zzJTJTAd6sfQD8j4=', '2017-03-10 19:53:46.474341', true, 'Abel.Galván', '', '', 'Abel.Galván@contact.com', true, true, '2017-03-10 19:50:52.412073');
INSERT INTO public.dplanapp_site (id, site_name, phone, address, max_attendance, user_id, photo) VALUES (20, 'Grupo Financiero Figueroa S.R.L', 81 2892 5232, 'Barranco Nava 9685 Departamento 594, Villa del Carbón, MIC 55321', 156, 43, 'profilePictures/eyesFB2.0.png');
INSERT INTO public.dplanapp_event (id, name, title_event, description, technical_req, duration, max_attendance, price, date_event, date_ini, date_end, status, gender_id,sub_gender_id,winner_id, site_id) VALUES(19, 'Coahuila nemesis', 'Beauty, Books & Tools', 'data-warehouse asimétrica Operativo', 'Bajo', 4, 156, 368682, '2017-06-15 04:13:55', '2017-06-15 04:13:55', '2017-06-15 07:13:55', 'O', 2, 12, NULL, 20);
INSERT INTO public.auth_user (id, password, last_login, is_superuser, username, first_name, last_name, email, is_staff, is_active, date_joined) VALUES (44,'pbkdf2_sha256$24000$2Pi6CjMjgA7D$NtEcGcuFbiuWTJSVGl+oHo2pvK6zzJTJTAd6sfQD8j4=', '2017-03-10 19:53:46.474341', true, 'Jaime.Santiago', '', '', 'Jaime.Santiago@contact.com', true, true, '2017-03-10 19:50:52.412073');
INSERT INTO public.dplanapp_site (id, site_name, phone, address, max_attendance, user_id, photo) VALUES (21, 'Jímenez y Jímenez S.A.', 55-7116-4193, 'Piso 4 Parque Alejandra 6 1ª Planta, Colima, PUE 71149', 313, 44, 'profilePictures/eyesFB2.0.png');
INSERT INTO public.dplanapp_event (id, name, title_event, description, technical_req, duration, max_attendance, price, date_event, date_ini, date_end, status, gender_id,sub_gender_id,winner_id, site_id) VALUES(20, 'Querétaro people', 'Kids', 'encriptar innovadora Fácil', 'Acordión', 3, 313, 74213, '2017-09-12 03:23:42', '2017-09-12 03:23:42', '2017-09-12 06:23:42', 'O', 1, 2, NULL, 21);
INSERT INTO public.auth_user (id, password, last_login, is_superuser, username, first_name, last_name, email, is_staff, is_active, date_joined) VALUES (45,'pbkdf2_sha256$24000$2Pi6CjMjgA7D$NtEcGcuFbiuWTJSVGl+oHo2pvK6zzJTJTAd6sfQD8j4=', '2017-03-10 19:53:46.474341', true, 'Mercedes.López', '', '', 'Mercedes.López@contact.com', true, true, '2017-03-10 19:50:52.412073');
INSERT INTO public.dplanapp_site (id, site_name, phone, address, max_attendance, user_id, photo) VALUES (22, 'de la Torre y de la Torre S.C.', 33 7721 0109, 'Piso 59 Grupo Mario Alberto 08 Piso 55, La Huerta, NAY 11000', 137, 45, 'profilePictures/eyesFB2.0.png');
INSERT INTO public.dplanapp_event (id, name, title_event, description, technical_req, duration, max_attendance, price, date_event, date_ini, date_end, status, gender_id,sub_gender_id,winner_id, site_id) VALUES(21, 'Tlaxcala druids', 'Games & Health', 'estructura de precios intermedia Automatizado', 'Clarinete', 3, 137, 350678, '2018-02-13 06:40:09', '2018-02-13 06:40:09', '2018-02-13 09:40:09', 'O', 1, 5, NULL, 22);
INSERT INTO public.auth_user (id, password, last_login, is_superuser, username, first_name, last_name, email, is_staff, is_active, date_joined) VALUES (46,'pbkdf2_sha256$24000$2Pi6CjMjgA7D$NtEcGcuFbiuWTJSVGl+oHo2pvK6zzJTJTAd6sfQD8j4=', '2017-03-10 19:53:46.474341', true, 'Israel.Beltrán', '', '', 'Israel.Beltrán@contact.com', true, true, '2017-03-10 19:50:52.412073');
INSERT INTO public.dplanapp_site (id, site_name, phone, address, max_attendance, user_id, photo) VALUES (23, 'Figueroa y Figueroa S.C.', 81-3001-1974, 'Int. 0 Manzana Sonora 381, Tochimilco, HID 47730', 789, 46, 'profilePictures/eyesFB2.0.png');
INSERT INTO public.dplanapp_event (id, name, title_event, description, technical_req, duration, max_attendance, price, date_event, date_ini, date_end, status, gender_id,sub_gender_id,winner_id, site_id) VALUES(22, 'Jalisco buffalo', 'Shoes', 'conjunto de instrucciones explícita Orientado a objetos', 'Xilofón', 4, 789, 74221, '2018-01-03 01:41:47', '2018-01-03 01:41:47', '2018-01-03 04:41:47', 'O', 1, 4, NULL, 23);
INSERT INTO public.auth_user (id, password, last_login, is_superuser, username, first_name, last_name, email, is_staff, is_active, date_joined) VALUES (47,'pbkdf2_sha256$24000$2Pi6CjMjgA7D$NtEcGcuFbiuWTJSVGl+oHo2pvK6zzJTJTAd6sfQD8j4=', '2017-03-10 19:53:46.474341', true, 'Guillermina.Guevara', '', '', 'Guillermina.Guevara@contact.com', true, true, '2017-03-10 19:50:52.412073');
INSERT INTO public.dplanapp_site (id, site_name, phone, address, max_attendance, user_id, photo) VALUES (24, 'Carrera Carrera S.C.', 33-6764-6387, 'Planta baja Rincón Gabriela 653 Planta baja, Comonfort, DIF 94570', 418, 47, 'profilePictures/eyesFB2.0.png');
INSERT INTO public.dplanapp_event (id, name, title_event, description, technical_req, duration, max_attendance, price, date_event, date_ini, date_end, status, gender_id,sub_gender_id,winner_id, site_id) VALUES(23, 'Guanajuato dogs', 'Music', 'marco de tiempo coherente Cara a cara', 'Guitarra Eléctrica', 5, 418, 314141, '2017-10-23 07:40:11', '2017-10-23 07:40:11', '2017-10-23 10:40:11', 'O', 2, 9, NULL, 24);
INSERT INTO public.auth_user (id, password, last_login, is_superuser, username, first_name, last_name, email, is_staff, is_active, date_joined) VALUES (48,'pbkdf2_sha256$24000$2Pi6CjMjgA7D$NtEcGcuFbiuWTJSVGl+oHo2pvK6zzJTJTAd6sfQD8j4=', '2017-03-10 19:53:46.474341', true, 'Gabriela.Camacho', '', '', 'Gabriela.Camacho@contact.com', true, true, '2017-03-10 19:50:52.412073');
INSERT INTO public.dplanapp_site (id, site_name, phone, address, max_attendance, user_id, photo) VALUES (25, 'Sociedad Zapata S.C.', 247 982 0066, 'Planta baja Prolongación Angelina Palma S/N Depto. 880, Yauhquemehcan, CHP 73247', 466, 48, 'profilePictures/eyesFB2.0.png');
INSERT INTO public.dplanapp_event (id, name, title_event, description, technical_req, duration, max_attendance, price, date_event, date_ini, date_end, status, gender_id,sub_gender_id,winner_id, site_id) VALUES(24, 'Tamaulipas giants', 'Books, Garden & Jewelry', 'línea segura coherente Obligatorio', 'Saxofón', 4, 466, 373657, '2017-11-09 11:34:30', '2017-11-09 11:34:30', '2017-11-10 02:34:30', 'O', 2, 12, NULL, 25);
INSERT INTO public.auth_user (id, password, last_login, is_superuser, username, first_name, last_name, email, is_staff, is_active, date_joined) VALUES (49,'pbkdf2_sha256$24000$2Pi6CjMjgA7D$NtEcGcuFbiuWTJSVGl+oHo2pvK6zzJTJTAd6sfQD8j4=', '2017-03-10 19:53:46.474341', true, 'Araceli.León', '', '', 'Araceli.León@contact.com', true, true, '2017-03-10 19:50:52.412073');
INSERT INTO public.dplanapp_site (id, site_name, phone, address, max_attendance, user_id, photo) VALUES (26, 'Zavala Zavala S.A.B.', 355-095-4899, 'Arroyo Zacatecas 2121 Interior 588, Yogana, MIC 95470', 994, 49, 'profilePictures/eyesFB2.0.png');
INSERT INTO public.dplanapp_event (id, name, title_event, description, technical_req, duration, max_attendance, price, date_event, date_ini, date_end, status, gender_id,sub_gender_id,winner_id, site_id) VALUES(25, 'Durango dragons', 'Outdoors', 'solución multiestado Descentralizado', 'Armónica', 5, 994, 177525, '2017-04-29 04:33:37', '2017-04-29 04:33:37', '2017-04-29 07:33:37', 'O', 2, 11, NULL, 26);
INSERT INTO public.auth_user (id, password, last_login, is_superuser, username, first_name, last_name, email, is_staff, is_active, date_joined) VALUES (50,'pbkdf2_sha256$24000$2Pi6CjMjgA7D$NtEcGcuFbiuWTJSVGl+oHo2pvK6zzJTJTAd6sfQD8j4=', '2017-03-10 19:53:46.474341', true, 'Lilia.Cárdenas', '', '', 'Lilia.Cárdenas@contact.com', true, true, '2017-03-10 19:50:52.412073');
INSERT INTO public.dplanapp_site (id, site_name, phone, address, max_attendance, user_id, photo) VALUES (27, 'Colegio Sandoval S.A.B.', 33 3383 4142, '0ª Planta Avenida Morelos S/N Planta baja, Apizaco, GRO 93920', 329, 50, 'profilePictures/eyesFB2.0.png');
INSERT INTO public.dplanapp_event (id, name, title_event, description, technical_req, duration, max_attendance, price, date_event, date_ini, date_end, status, gender_id,sub_gender_id,winner_id, site_id) VALUES(26, 'Tlaxcala vampires', 'Health & Industrial', 'previsión sistemática Organizado', 'Organo', 3, 329, 279652, '2018-03-05 09:59:29', '2018-03-05 09:59:29', '2018-03-06 12:59:29', 'O', 2, 11, NULL, 27);
INSERT INTO public.auth_user (id, password, last_login, is_superuser, username, first_name, last_name, email, is_staff, is_active, date_joined) VALUES (51,'pbkdf2_sha256$24000$2Pi6CjMjgA7D$NtEcGcuFbiuWTJSVGl+oHo2pvK6zzJTJTAd6sfQD8j4=', '2017-03-10 19:53:46.474341', true, 'Guillermina.Rocha', '', '', 'Guillermina.Rocha@contact.com', true, true, '2017-03-10 19:50:52.412073');
INSERT INTO public.dplanapp_site (id, site_name, phone, address, max_attendance, user_id, photo) VALUES (28, 'Grupo Santillán S.A.', (33) 4356 4530, 'Subida México 354, Tijuana, ZAC 12406', 645, 51, 'profilePictures/eyesFB2.0.png');
INSERT INTO public.dplanapp_event (id, name, title_event, description, technical_req, duration, max_attendance, price, date_event, date_ini, date_end, status, gender_id,sub_gender_id,winner_id, site_id) VALUES(27, 'Sonora whales', 'Games', 'concepto generada por el cliente Orígenes', 'Piano', 1, 645, 486397, '2017-05-25 06:47:16', '2017-05-25 06:47:16', '2017-05-25 09:47:16', 'O', 1, 1, NULL, 28);
INSERT INTO public.auth_user (id, password, last_login, is_superuser, username, first_name, last_name, email, is_staff, is_active, date_joined) VALUES (52,'pbkdf2_sha256$24000$2Pi6CjMjgA7D$NtEcGcuFbiuWTJSVGl+oHo2pvK6zzJTJTAd6sfQD8j4=', '2017-03-10 19:53:46.474341', true, 'Gabriela.Velázquez', '', '', 'Gabriela.Velázquez@contact.com', true, true, '2017-03-10 19:50:52.412073');
INSERT INTO public.dplanapp_site (id, site_name, phone, address, max_attendance, user_id, photo) VALUES (29, 'Escobar S.A.', 965 581 9513, 'Int. 6 Escalinata Tomás Arellano 978, Tlalchapa, SON 34407', 909, 52, 'profilePictures/eyesFB2.0.png');
INSERT INTO public.dplanapp_event (id, name, title_event, description, technical_req, duration, max_attendance, price, date_event, date_ini, date_end, status, gender_id,sub_gender_id,winner_id, site_id) VALUES(28, 'San Luis Potosí foes', 'Outdoors', 'metodologías radical Multi canal', 'Bajo', 5, 909, 450498, '2017-11-12 11:19:56', '2017-11-12 11:19:56', '2017-11-13 02:19:56', 'O', 2, 9, NULL, 29);
INSERT INTO public.auth_user (id, password, last_login, is_superuser, username, first_name, last_name, email, is_staff, is_active, date_joined) VALUES (53,'pbkdf2_sha256$24000$2Pi6CjMjgA7D$NtEcGcuFbiuWTJSVGl+oHo2pvK6zzJTJTAd6sfQD8j4=', '2017-03-10 19:53:46.474341', true, 'Francisca.Ríos', '', '', 'Francisca.Ríos@contact.com', true, true, '2017-03-10 19:50:52.412073');
INSERT INTO public.dplanapp_site (id, site_name, phone, address, max_attendance, user_id, photo) VALUES (30, 'Guerra y Guerra S.R.L', (477) 498 9857, 'Planta baja Rincón Óscar 48475 Planta baja, Tepic, TAB 92711', 497, 53, 'profilePictures/eyesFB2.0.png');
INSERT INTO public.dplanapp_event (id, name, title_event, description, technical_req, duration, max_attendance, price, date_event, date_ini, date_end, status, gender_id,sub_gender_id,winner_id, site_id) VALUES(29, 'Campeche bats', 'Automotive, Electronics & Home', 'modelo homogénea Fácil', 'Violín', 1, 497, 472492, '2018-04-30 10:37:41', '2018-04-30 10:37:41', '2018-04-30 01:37:41', 'O', 1, 1, NULL, 30);
INSERT INTO public.auth_user (id, password, last_login, is_superuser, username, first_name, last_name, email, is_staff, is_active, date_joined) VALUES (54,'pbkdf2_sha256$24000$2Pi6CjMjgA7D$NtEcGcuFbiuWTJSVGl+oHo2pvK6zzJTJTAd6sfQD8j4=', '2017-03-10 19:53:46.474341', true, 'Sergio.Durán', '', '', 'Sergio.Durán@contact.com', true, true, '2017-03-10 19:50:52.412073');
INSERT INTO public.dplanapp_site (id, site_name, phone, address, max_attendance, user_id, photo) VALUES (31, 'Serrano Serrano S.R.L', 434-740-2760, 'Planta alta Subida Los Cabos 6 Planta alta, Alaquines, CHP 73237', 742, 54, 'profilePictures/eyesFB2.0.png');
INSERT INTO public.dplanapp_event (id, name, title_event, description, technical_req, duration, max_attendance, price, date_event, date_ini, date_end, status, gender_id,sub_gender_id,winner_id, site_id) VALUES(30, 'México enchanters', 'Shoes', 'fuerza de trabajo recíproca Automatizado', 'Guitarra Acústica', 5, 742, 288912, '2017-10-20 12:20:01', '2017-10-20 12:20:01', '2017-10-20 03:20:01', 'O', 2, 8, NULL, 31);
INSERT INTO public.auth_user (id, password, last_login, is_superuser, username, first_name, last_name, email, is_staff, is_active, date_joined) VALUES (55,'pbkdf2_sha256$24000$2Pi6CjMjgA7D$NtEcGcuFbiuWTJSVGl+oHo2pvK6zzJTJTAd6sfQD8j4=', '2017-03-10 19:53:46.474341', true, 'Francisca.Nieto', '', '', 'Francisca.Nieto@contact.com', true, true, '2017-03-10 19:50:52.412073');
INSERT INTO public.dplanapp_site (id, site_name, phone, address, max_attendance, user_id, photo) VALUES (32, 'Silva, Silva y Silva Asociados S.A.B.', 55-8772-9574, 'Planta baja Grupo San Luis Potosí 6 Planta baja, Burgos, DUR 61914', 792, 55, 'profilePictures/eyesFB2.0.png');
INSERT INTO public.dplanapp_event (id, name, title_event, description, technical_req, duration, max_attendance, price, date_event, date_ini, date_end, status, gender_id,sub_gender_id,winner_id, site_id) VALUES(31, 'Yucatán foes', 'Automotive & Movies', 'implementación sensible al contexto Clonado', 'Bateria', 5, 792, 170303, '2018-04-24 05:12:51', '2018-04-24 05:12:51', '2018-04-24 08:12:51', 'O', 2, 9, NULL, 32);
INSERT INTO public.auth_user (id, password, last_login, is_superuser, username, first_name, last_name, email, is_staff, is_active, date_joined) VALUES (56,'pbkdf2_sha256$24000$2Pi6CjMjgA7D$NtEcGcuFbiuWTJSVGl+oHo2pvK6zzJTJTAd6sfQD8j4=', '2017-03-10 19:53:46.474341', true, 'Gabriela.Rivas', '', '', 'Gabriela.Rivas@contact.com', true, true, '2017-03-10 19:50:52.412073');
INSERT INTO public.dplanapp_site (id, site_name, phone, address, max_attendance, user_id, photo) VALUES (33, 'Bernal S.C.', (33) 0897 5290, 'Sector México 9 Interior 641, Mier y Noriega, VER 46975', 744, 56, 'profilePictures/eyesFB2.0.png');
INSERT INTO public.dplanapp_event (id, name, title_event, description, technical_req, duration, max_attendance, price, date_event, date_ini, date_end, status, gender_id,sub_gender_id,winner_id, site_id) VALUES(32, 'Querétaro oracles', 'Clothing', 'producto interactiva Compatible', 'Violonchelo', 4, 744, 105319, '2017-05-21 09:32:20', '2017-05-21 09:32:20', '2017-05-22 12:32:20', 'O', 1, 2, NULL, 33);
INSERT INTO public.auth_user (id, password, last_login, is_superuser, username, first_name, last_name, email, is_staff, is_active, date_joined) VALUES (57,'pbkdf2_sha256$24000$2Pi6CjMjgA7D$NtEcGcuFbiuWTJSVGl+oHo2pvK6zzJTJTAd6sfQD8j4=', '2017-03-10 19:53:46.474341', true, 'Micaela.Domínguez', '', '', 'Micaela.Domínguez@contact.com', true, true, '2017-03-10 19:50:52.412073');
INSERT INTO public.dplanapp_site (id, site_name, phone, address, max_attendance, user_id, photo) VALUES (34, 'Miranda y Miranda S.A. de C.V.', 662-392-8317, 'Depto. 906 Prolongación Francisca 317 Apartamento 18, Ahuatlan, JAL 82939', 690, 57, 'profilePictures/eyesFB2.0.png');
INSERT INTO public.dplanapp_event (id, name, title_event, description, technical_req, duration, max_attendance, price, date_event, date_ini, date_end, status, gender_id,sub_gender_id,winner_id, site_id) VALUES(33, 'Tlaxcala dolphins', 'Shoes', 'infraestructura nueva generación Reducido', 'Acordión', 1, 690, 152450, '2017-09-27 12:54:05', '2017-09-27 12:54:05', '2017-09-27 03:54:05', 'O', 1, 4, NULL, 34);
INSERT INTO public.auth_user (id, password, last_login, is_superuser, username, first_name, last_name, email, is_staff, is_active, date_joined) VALUES (58,'pbkdf2_sha256$24000$2Pi6CjMjgA7D$NtEcGcuFbiuWTJSVGl+oHo2pvK6zzJTJTAd6sfQD8j4=', '2017-03-10 19:53:46.474341', true, 'Mario.Madrigal', '', '', 'Mario.Madrigal@contact.com', true, true, '2017-03-10 19:50:52.412073');
INSERT INTO public.dplanapp_site (id, site_name, phone, address, max_attendance, user_id, photo) VALUES (35, 'Leal, Leal y Leal Asociados S.C.', 316-652-5008, 'Piso 5 Muelle Isabel 8216, Palizada, NLE 36104', 450, 58, 'profilePictures/eyesFB2.0.png');
INSERT INTO public.dplanapp_event (id, name, title_event, description, technical_req, duration, max_attendance, price, date_event, date_ini, date_end, status, gender_id,sub_gender_id,winner_id, site_id) VALUES(34, 'Jalisco buffalo', 'Computers & Industrial', 'colaboración dinámica Cara a cara', 'Armónica', 2, 450, 162976, '2017-11-15 12:50:43', '2017-11-15 12:50:43', '2017-11-15 03:50:43', 'O', 1, 1, NULL, 35);
INSERT INTO public.auth_user (id, password, last_login, is_superuser, username, first_name, last_name, email, is_staff, is_active, date_joined) VALUES (59,'pbkdf2_sha256$24000$2Pi6CjMjgA7D$NtEcGcuFbiuWTJSVGl+oHo2pvK6zzJTJTAd6sfQD8j4=', '2017-03-10 19:53:46.474341', true, 'Eduardo.Peña', '', '', 'Eduardo.Peña@contact.com', true, true, '2017-03-10 19:50:52.412073');
INSERT INTO public.dplanapp_site (id, site_name, phone, address, max_attendance, user_id, photo) VALUES (36, 'Grupo Delgado S.C.', (55) 7010 7333, 'Planta baja Bajada Jalisco 73588 Planta baja, Ayapango, NLE 75620', 518, 59, 'profilePictures/eyesFB2.0.png');
INSERT INTO public.dplanapp_event (id, name, title_event, description, technical_req, duration, max_attendance, price, date_event, date_ini, date_end, status, gender_id,sub_gender_id,winner_id, site_id) VALUES(35, 'Nayarit sorcerors', 'Garden', 'capacidad alto nivel Enfocado en la calidad', 'Organo', 3, 518, 382896, '2017-10-29 06:54:37', '2017-10-29 06:54:37', '2017-10-29 09:54:37', 'O', 2, 12, NULL, 36);
INSERT INTO public.auth_user (id, password, last_login, is_superuser, username, first_name, last_name, email, is_staff, is_active, date_joined) VALUES (60,'pbkdf2_sha256$24000$2Pi6CjMjgA7D$NtEcGcuFbiuWTJSVGl+oHo2pvK6zzJTJTAd6sfQD8j4=', '2017-03-10 19:53:46.474341', true, 'Erika.Pérez', '', '', 'Erika.Pérez@contact.com', true, true, '2017-03-10 19:50:52.412073');
INSERT INTO public.dplanapp_site (id, site_name, phone, address, max_attendance, user_id, photo) VALUES (37, 'Áviles y Áviles S.R.L', (771) 947 7726, 'Interior ?6 Rampa Puebla 6241 Apartamento 59, Chapultepec, SLP 87126', 679, 60, 'profilePictures/eyesFB2.0.png');
INSERT INTO public.dplanapp_event (id, name, title_event, description, technical_req, duration, max_attendance, price, date_event, date_ini, date_end, status, gender_id,sub_gender_id,winner_id, site_id) VALUES(36, 'Aguascalientes ants', 'Computers & Shoes', 'capacidad explícita Configurable', 'Saxofón', 3, 679, 416934, '2017-10-31 03:51:25', '2017-10-31 03:51:25', '2017-10-31 06:51:25', 'O', 2, 10, NULL, 37);
INSERT INTO public.auth_user (id, password, last_login, is_superuser, username, first_name, last_name, email, is_staff, is_active, date_joined) VALUES (61,'pbkdf2_sha256$24000$2Pi6CjMjgA7D$NtEcGcuFbiuWTJSVGl+oHo2pvK6zzJTJTAd6sfQD8j4=', '2017-03-10 19:53:46.474341', true, 'Pedro.Soriano', '', '', 'Pedro.Soriano@contact.com', true, true, '2017-03-10 19:50:52.412073');
INSERT INTO public.dplanapp_site (id, site_name, phone, address, max_attendance, user_id, photo) VALUES (38, 'Villegas y Villegas S.A.', 671 308 1947, 'Paseo Ciudad de México 8500, Altar, NLE 89267', 798, 61, 'profilePictures/eyesFB2.0.png');
INSERT INTO public.dplanapp_event (id, name, title_event, description, technical_req, duration, max_attendance, price, date_event, date_ini, date_end, status, gender_id,sub_gender_id,winner_id, site_id) VALUES(37, 'San Luis Potosí dragons', 'Outdoors', 'caja de herramientas dinámica Multi lateral', 'Guitarra Eléctrica', 2, 798, 257421, '2018-02-28 05:22:59', '2018-02-28 05:22:59', '2018-02-28 08:22:59', 'O', 1, 1, NULL, 38);
INSERT INTO public.auth_user (id, password, last_login, is_superuser, username, first_name, last_name, email, is_staff, is_active, date_joined) VALUES (62,'pbkdf2_sha256$24000$2Pi6CjMjgA7D$NtEcGcuFbiuWTJSVGl+oHo2pvK6zzJTJTAd6sfQD8j4=', '2017-03-10 19:53:46.474341', true, 'Araceli.Rangel', '', '', 'Araceli.Rangel@contact.com', true, true, '2017-03-10 19:50:52.412073');
INSERT INTO public.dplanapp_site (id, site_name, phone, address, max_attendance, user_id, photo) VALUES (39, 'Franco S.A.', 459-520-0296, 'Explanada Felipe 5539, Chietla, OAX 97328', 655, 62, 'profilePictures/eyesFB2.0.png');
INSERT INTO public.dplanapp_event (id, name, title_event, description, technical_req, duration, max_attendance, price, date_event, date_ini, date_end, status, gender_id,sub_gender_id,winner_id, site_id) VALUES(38, 'Aguascalientes bees', 'Health, Sports & Tools', 'núcleo maximizada Mejorado', 'Trompeta', 1, 655, 202572, '2018-03-26 07:21:34', '2018-03-26 07:21:34', '2018-03-26 10:21:34', 'O', 1, 1, NULL, 39);
INSERT INTO public.auth_user (id, password, last_login, is_superuser, username, first_name, last_name, email, is_staff, is_active, date_joined) VALUES (63,'pbkdf2_sha256$24000$2Pi6CjMjgA7D$NtEcGcuFbiuWTJSVGl+oHo2pvK6zzJTJTAd6sfQD8j4=', '2017-03-10 19:53:46.474341', true, 'José Antonio.Ávila', '', '', 'José Antonio.Ávila@contact.com', true, true, '2017-03-10 19:50:52.412073');
INSERT INTO public.dplanapp_site (id, site_name, phone, address, max_attendance, user_id, photo) VALUES (40, 'Beltrán y Beltrán S.A.B.', 55 8385 0478, '7ª Planta Muelle Daniel 55652, Tapilula, TLA 69242', 567, 63, 'profilePictures/eyesFB2.0.png');
INSERT INTO public.dplanapp_event (id, name, title_event, description, technical_req, duration, max_attendance, price, date_event, date_ini, date_end, status, gender_id,sub_gender_id,winner_id, site_id) VALUES(39, 'Colima bears', 'Automotive', 'emulación óptima Programable', 'Acordión', 4, 567, 198666, '2018-04-16 10:31:42', '2018-04-16 10:31:42', '2018-04-17 01:31:42', 'O', 2, 9, NULL, 40);
INSERT INTO public.auth_user (id, password, last_login, is_superuser, username, first_name, last_name, email, is_staff, is_active, date_joined) VALUES (64,'pbkdf2_sha256$24000$2Pi6CjMjgA7D$NtEcGcuFbiuWTJSVGl+oHo2pvK6zzJTJTAd6sfQD8j4=', '2017-03-10 19:53:46.474341', true, 'Dolores.Hurtado', '', '', 'Dolores.Hurtado@contact.com', true, true, '2017-03-10 19:50:52.412073');
INSERT INTO public.dplanapp_site (id, site_name, phone, address, max_attendance, user_id, photo) VALUES (41, 'Flores, Flores y Flores Asociados S.A.B.', 482 185 5025, 'Interior 016 Quinta Abel Sosa 75, Las Margaritas, PUE 73195', 649, 64, 'profilePictures/eyesFB2.0.png');
INSERT INTO public.dplanapp_event (id, name, title_event, description, technical_req, duration, max_attendance, price, date_event, date_ini, date_end, status, gender_id,sub_gender_id,winner_id, site_id) VALUES(40, 'Nayarit oxen', 'Grocery', 'algoritmo hibrida Centralizado', 'Guitarra Eléctrica', 1, 649, 85898, '2017-05-21 05:53:19', '2017-05-21 05:53:19', '2017-05-21 08:53:19', 'O', 2, 9, NULL, 41);
INSERT INTO public.auth_user (id, password, last_login, is_superuser, username, first_name, last_name, email, is_staff, is_active, date_joined) VALUES (65,'pbkdf2_sha256$24000$2Pi6CjMjgA7D$NtEcGcuFbiuWTJSVGl+oHo2pvK6zzJTJTAd6sfQD8j4=', '2017-03-10 19:53:46.474341', true, 'Reyna.Rico', '', '', 'Reyna.Rico@contact.com', true, true, '2017-03-10 19:50:52.412073');
INSERT INTO public.dplanapp_site (id, site_name, phone, address, max_attendance, user_id, photo) VALUES (42, 'Vargas y Vargas S.A. de C.V.', (55) 8641 1856, 'Avenida Irene 9840 Interior 504, Mier y Noriega, GUA 45792', 140, 65, 'profilePictures/eyesFB2.0.png');
INSERT INTO public.dplanapp_event (id, name, title_event, description, technical_req, duration, max_attendance, price, date_event, date_ini, date_end, status, gender_id,sub_gender_id,winner_id, site_id) VALUES(41, 'Ciudad de México conspirators', 'Industrial', 'sinergia vía web Intercambiable', 'Ukelele', 4, 140, 487032, '2017-05-18 03:33:43', '2017-05-18 03:33:43', '2017-05-18 06:33:43', 'O', 2, 10, NULL, 42);
INSERT INTO public.auth_user (id, password, last_login, is_superuser, username, first_name, last_name, email, is_staff, is_active, date_joined) VALUES (66,'pbkdf2_sha256$24000$2Pi6CjMjgA7D$NtEcGcuFbiuWTJSVGl+oHo2pvK6zzJTJTAd6sfQD8j4=', '2017-03-10 19:53:46.474341', true, 'Rosa María.del Ángel', '', '', 'Rosa María.del Ángel@contact.com', true, true, '2017-03-10 19:50:52.412073');
INSERT INTO public.dplanapp_site (id, site_name, phone, address, max_attendance, user_id, photo) VALUES (43, 'Estrada, Estrada y Estrada Asociados S.A. de C.V.', 597 073 3229, 'Int. 4 Escalinata Óscar S/N, Moctezuma, GUA 72303', 908, 66, 'profilePictures/eyesFB2.0.png');
INSERT INTO public.dplanapp_event (id, name, title_event, description, technical_req, duration, max_attendance, price, date_event, date_ini, date_end, status, gender_id,sub_gender_id,winner_id, site_id) VALUES(42, 'Nayarit chimeras', 'Health', 'núcleo escalable Cara a cara', 'Armónica', 4, 908, 296876, '2018-02-04 03:01:01', '2018-02-04 03:01:01', '2018-02-04 06:01:01', 'O', 2, 10, NULL, 43);
INSERT INTO public.auth_user (id, password, last_login, is_superuser, username, first_name, last_name, email, is_staff, is_active, date_joined) VALUES (67,'pbkdf2_sha256$24000$2Pi6CjMjgA7D$NtEcGcuFbiuWTJSVGl+oHo2pvK6zzJTJTAd6sfQD8j4=', '2017-03-10 19:53:46.474341', true, 'Alberto.Reyna', '', '', 'Alberto.Reyna@contact.com', true, true, '2017-03-10 19:50:52.412073');
INSERT INTO public.dplanapp_site (id, site_name, phone, address, max_attendance, user_id, photo) VALUES (44, 'Sociedad Uribe S.R.L', (463) 190 7163, 'Interior ?8 Sector Rubén 55, Rosario, HID 45851', 403, 67, 'profilePictures/eyesFB2.0.png');
INSERT INTO public.dplanapp_event (id, name, title_event, description, technical_req, duration, max_attendance, price, date_event, date_ini, date_end, status, gender_id,sub_gender_id,winner_id, site_id) VALUES(43, 'Colima elephants', 'Games', 'estrategia tiempo real Total', 'Ukelele', 3, 403, 368244, '2017-12-11 06:37:48', '2017-12-11 06:37:48', '2017-12-11 09:37:48', 'O', 1, 3, NULL, 44);
INSERT INTO public.auth_user (id, password, last_login, is_superuser, username, first_name, last_name, email, is_staff, is_active, date_joined) VALUES (68,'pbkdf2_sha256$24000$2Pi6CjMjgA7D$NtEcGcuFbiuWTJSVGl+oHo2pvK6zzJTJTAd6sfQD8j4=', '2017-03-10 19:53:46.474341', true, 'Teresa.Toledo', '', '', 'Teresa.Toledo@contact.com', true, true, '2017-03-10 19:50:52.412073');
INSERT INTO public.dplanapp_site (id, site_name, phone, address, max_attendance, user_id, photo) VALUES (45, 'Robles S.A.', 55 4076 2671, 'Depto. 386 Explanada Jalisco 8175 Apartamento 52, Saric, VER 35403', 204, 68, 'profilePictures/eyesFB2.0.png');
INSERT INTO public.dplanapp_event (id, name, title_event, description, technical_req, duration, max_attendance, price, date_event, date_ini, date_end, status, gender_id,sub_gender_id,winner_id, site_id) VALUES(44, 'Colima dogs', 'Jewelry', 'productividad logística Seguro', 'Ukelele', 4, 204, 229955, '2017-06-01 03:18:38', '2017-06-01 03:18:38', '2017-06-01 06:18:38', 'O', 1, 3, NULL, 45);
INSERT INTO public.auth_user (id, password, last_login, is_superuser, username, first_name, last_name, email, is_staff, is_active, date_joined) VALUES (69,'pbkdf2_sha256$24000$2Pi6CjMjgA7D$NtEcGcuFbiuWTJSVGl+oHo2pvK6zzJTJTAd6sfQD8j4=', '2017-03-10 19:53:46.474341', true, 'José Alberto.Aguilar', '', '', 'José Alberto.Aguilar@contact.com', true, true, '2017-03-10 19:50:52.412073');
INSERT INTO public.dplanapp_site (id, site_name, phone, address, max_attendance, user_id, photo) VALUES (46, 'Fondo Solís S.A.B.', 776-899-3872, 'Planta baja Parque Nicolás Quintero 9 Piso 07, Milpa Alta, ZAC 27847', 650, 69, 'profilePictures/eyesFB2.0.png');
INSERT INTO public.dplanapp_event (id, name, title_event, description, technical_req, duration, max_attendance, price, date_event, date_ini, date_end, status, gender_id,sub_gender_id,winner_id, site_id) VALUES(45, 'Jalisco wolves', 'Baby', 'middleware asíncrona Orientado a objetos', 'Clarinete', 1, 650, 276438, '2018-03-14 01:00:00', '2018-03-14 01:00:00', '2018-03-14 04:00:00', 'O', 1, 1, NULL, 46);
INSERT INTO public.auth_user (id, password, last_login, is_superuser, username, first_name, last_name, email, is_staff, is_active, date_joined) VALUES (70,'pbkdf2_sha256$24000$2Pi6CjMjgA7D$NtEcGcuFbiuWTJSVGl+oHo2pvK6zzJTJTAd6sfQD8j4=', '2017-03-10 19:53:46.474341', true, 'Adrián.Méndez', '', '', 'Adrián.Méndez@contact.com', true, true, '2017-03-10 19:50:52.412073');
INSERT INTO public.dplanapp_site (id, site_name, phone, address, max_attendance, user_id, photo) VALUES (47, 'Rodríguez Rodríguez S.A.', 81 8701 1245, 'Pasaje Isabel Mora 011, Tlaquepaque, ZAC 45409', 317, 70, 'profilePictures/eyesFB2.0.png');
INSERT INTO public.dplanapp_event (id, name, title_event, description, technical_req, duration, max_attendance, price, date_event, date_ini, date_end, status, gender_id,sub_gender_id,winner_id, site_id) VALUES(46, 'Nayarit foes', 'Health & Industrial', 'soporte ejecutiva Configurable', 'Xilofón', 5, 317, 302476, '2017-06-15 11:38:59', '2017-06-15 11:38:59', '2017-06-16 02:38:59', 'O', 2, 11, NULL, 47);
INSERT INTO public.auth_user (id, password, last_login, is_superuser, username, first_name, last_name, email, is_staff, is_active, date_joined) VALUES (71,'pbkdf2_sha256$24000$2Pi6CjMjgA7D$NtEcGcuFbiuWTJSVGl+oHo2pvK6zzJTJTAd6sfQD8j4=', '2017-03-10 19:53:46.474341', true, 'Jorge Alberto.Silva', '', '', 'Jorge Alberto.Silva@contact.com', true, true, '2017-03-10 19:50:52.412073');
INSERT INTO public.dplanapp_site (id, site_name, phone, address, max_attendance, user_id, photo) VALUES (48, 'Sánchez Sánchez S.C.', 825 244 5143, 'Subida Zacatecas 41, El Naranjo, MIC 12904', 979, 71, 'profilePictures/eyesFB2.0.png');
INSERT INTO public.dplanapp_event (id, name, title_event, description, technical_req, duration, max_attendance, price, date_event, date_ini, date_end, status, gender_id,sub_gender_id,winner_id, site_id) VALUES(47, 'Colima nemesis', 'Baby, Beauty & Outdoors', 'Interfaz Gráfica óptima Visionario', 'Trompeta', 4, 979, 284721, '2017-05-25 11:42:54', '2017-05-25 11:42:54', '2017-05-25 02:42:54', 'O', 2, 11, NULL, 48);
INSERT INTO public.auth_user (id, password, last_login, is_superuser, username, first_name, last_name, email, is_staff, is_active, date_joined) VALUES (72,'pbkdf2_sha256$24000$2Pi6CjMjgA7D$NtEcGcuFbiuWTJSVGl+oHo2pvK6zzJTJTAd6sfQD8j4=', '2017-03-10 19:53:46.474341', true, 'Pedro.Barajas', '', '', 'Pedro.Barajas@contact.com', true, true, '2017-03-10 19:50:52.412073');
INSERT INTO public.dplanapp_site (id, site_name, phone, address, max_attendance, user_id, photo) VALUES (49, 'Fondo Aguirre S.A.B.', 33-6878-8248, 'Planta alta Lago Maricela 4001 6ª Planta, Atenco, TAB 20986', 343, 72, 'profilePictures/eyesFB2.0.png');
INSERT INTO public.dplanapp_event (id, name, title_event, description, technical_req, duration, max_attendance, price, date_event, date_ini, date_end, status, gender_id,sub_gender_id,winner_id, site_id) VALUES(48, 'Veracruz zombies', 'Shoes', 'complejidad 5th generación Mejorado', 'Bajo', 3, 343, 103383, '2017-12-19 03:08:43', '2017-12-19 03:08:43', '2017-12-19 06:08:43', 'O', 1, 6, NULL, 49);
INSERT INTO public.auth_user (id, password, last_login, is_superuser, username, first_name, last_name, email, is_staff, is_active, date_joined) VALUES (73,'pbkdf2_sha256$24000$2Pi6CjMjgA7D$NtEcGcuFbiuWTJSVGl+oHo2pvK6zzJTJTAd6sfQD8j4=', '2017-03-10 19:53:46.474341', true, 'Sergio.Mercado', '', '', 'Sergio.Mercado@contact.com', true, true, '2017-03-10 19:50:52.412073');
INSERT INTO public.dplanapp_site (id, site_name, phone, address, max_attendance, user_id, photo) VALUES (50, 'Mondragón, Mondragón y Mondragón Asociados S.A.', 627 131 1925, 'Salida Carlos Alberto Santiago S/N, Montemorelos, TLA 15290', 802, 73, 'profilePictures/eyesFB2.0.png');
INSERT INTO public.dplanapp_event (id, name, title_event, description, technical_req, duration, max_attendance, price, date_event, date_ini, date_end, status, gender_id,sub_gender_id,winner_id, site_id) VALUES(49, 'Puebla rabbits', 'Movies', 'conglomeración estable Universal', 'Flauta', 3, 802, 439885, '2018-02-07 11:07:00', '2018-02-07 11:07:00', '2018-02-08 02:07:00', 'O', 2, 12, NULL, 50);
INSERT INTO public.auth_user (id, password, last_login, is_superuser, username, first_name, last_name, email, is_staff, is_active, date_joined) VALUES (74,'pbkdf2_sha256$24000$2Pi6CjMjgA7D$NtEcGcuFbiuWTJSVGl+oHo2pvK6zzJTJTAd6sfQD8j4=', '2017-03-10 19:53:46.474341', true, 'Guillermina.Gutiérrez', '', '', 'Guillermina.Gutiérrez@contact.com', true, true, '2017-03-10 19:50:52.412073');
INSERT INTO public.dplanapp_site (id, site_name, phone, address, max_attendance, user_id, photo) VALUES (51, 'Rivera, Rivera y Rivera Asociados S.R.L', 642 752 0625, 'Avenida Chiapas 6 Planta baja, Acuña, SIN 84198', 440, 74, 'profilePictures/eyesFB2.0.png');
INSERT INTO public.dplanapp_event (id, name, title_event, description, technical_req, duration, max_attendance, price, date_event, date_ini, date_end, status, gender_id,sub_gender_id,winner_id, site_id) VALUES(50, 'México foxes', 'Clothing & Electronics', 'monitorizar tolerancia cero Enfocado', 'Saxofón', 4, 440, 62300, '2018-02-02 06:13:29', '2018-02-02 06:13:29', '2018-02-02 09:13:29', 'O', 2, 9, NULL, 51);
INSERT INTO public.auth_user (id, password, last_login, is_superuser, username, first_name, last_name, email, is_staff, is_active, date_joined) VALUES (75,'pbkdf2_sha256$24000$2Pi6CjMjgA7D$NtEcGcuFbiuWTJSVGl+oHo2pvK6zzJTJTAd6sfQD8j4=', '2017-03-10 19:53:46.474341', true, 'Aurora.Robles', '', '', 'Aurora.Robles@contact.com', true, true, '2017-03-10 19:50:52.412073');
INSERT INTO public.dplanapp_site (id, site_name, phone, address, max_attendance, user_id, photo) VALUES (52, 'Correa, Correa y Correa Asociados S.C.', 923 076 8626, 'Barranco Luis Alberto Zavala 67135 Planta baja, Rayones, TAM 46537', 696, 75, 'profilePictures/eyesFB2.0.png');
INSERT INTO public.dplanapp_event (id, name, title_event, description, technical_req, duration, max_attendance, price, date_event, date_ini, date_end, status, gender_id,sub_gender_id,winner_id, site_id) VALUES(51, 'Baja California Sur goats', 'Baby & Home', 'superestructura holística Multi lateral', 'Organo', 3, 696, 129264, '2018-04-07 09:33:36', '2018-04-07 09:33:36', '2018-04-07 12:33:36', 'O', 1, 2, NULL, 52);
INSERT INTO public.auth_user (id, password, last_login, is_superuser, username, first_name, last_name, email, is_staff, is_active, date_joined) VALUES (76,'pbkdf2_sha256$24000$2Pi6CjMjgA7D$NtEcGcuFbiuWTJSVGl+oHo2pvK6zzJTJTAd6sfQD8j4=', '2017-03-10 19:53:46.474341', true, 'Rodrigo.Duarte', '', '', 'Rodrigo.Duarte@contact.com', true, true, '2017-03-10 19:50:52.412073');
INSERT INTO public.dplanapp_site (id, site_name, phone, address, max_attendance, user_id, photo) VALUES (53, 'Gutiérrez Gutiérrez S.A. de C.V.', 33 4733 6732, 'Explanada Benjamín Esquivel 2933 Int. 0, San Lorenzo, ZAC 59039', 905, 76, 'profilePictures/eyesFB2.0.png');
INSERT INTO public.dplanapp_event (id, name, title_event, description, technical_req, duration, max_attendance, price, date_event, date_ini, date_end, status, gender_id,sub_gender_id,winner_id, site_id) VALUES(52, 'Nuevo León tigers', 'Computers & Home', 'arquitectura monitorizada por red Fundamental', 'Violín', 1, 905, 240474, '2017-10-01 08:06:07', '2017-10-01 08:06:07', '2017-10-01 11:06:07', 'O', 2, 8, NULL, 53);
INSERT INTO public.auth_user (id, password, last_login, is_superuser, username, first_name, last_name, email, is_staff, is_active, date_joined) VALUES (77,'pbkdf2_sha256$24000$2Pi6CjMjgA7D$NtEcGcuFbiuWTJSVGl+oHo2pvK6zzJTJTAd6sfQD8j4=', '2017-03-10 19:53:46.474341', true, 'Pablo.Palacios', '', '', 'Pablo.Palacios@contact.com', true, true, '2017-03-10 19:50:52.412073');
INSERT INTO public.dplanapp_site (id, site_name, phone, address, max_attendance, user_id, photo) VALUES (54, 'Hernández, Hernández y Hernández Asociados S.A.B.', 326-021-1839, 'Avenida Sonia 16 Interior ?8, Mexicali, COL 42553', 894, 77, 'profilePictures/eyesFB2.0.png');
INSERT INTO public.dplanapp_event (id, name, title_event, description, technical_req, duration, max_attendance, price, date_event, date_ini, date_end, status, gender_id,sub_gender_id,winner_id, site_id) VALUES(53, 'Baja California Sur dragons', 'Automotive & Toys', 'alianza incremental Ingenieria inversa', 'Piano', 3, 894, 170358, '2018-04-05 06:29:07', '2018-04-05 06:29:07', '2018-04-05 09:29:07', 'O', 2, 10, NULL, 54);
INSERT INTO public.auth_user (id, password, last_login, is_superuser, username, first_name, last_name, email, is_staff, is_active, date_joined) VALUES (78,'pbkdf2_sha256$24000$2Pi6CjMjgA7D$NtEcGcuFbiuWTJSVGl+oHo2pvK6zzJTJTAd6sfQD8j4=', '2017-03-10 19:53:46.474341', true, 'Maribel.Gutiérrez', '', '', 'Maribel.Gutiérrez@contact.com', true, true, '2017-03-10 19:50:52.412073');
INSERT INTO public.dplanapp_site (id, site_name, phone, address, max_attendance, user_id, photo) VALUES (55, 'Ramos y Ramos S.R.L', (474) 335 0418, 'Interior 028 Glorieta Humberto Serrano 457 Interior ?8, Tetepango, AGU 86126', 789, 78, 'profilePictures/eyesFB2.0.png');
INSERT INTO public.dplanapp_event (id, name, title_event, description, technical_req, duration, max_attendance, price, date_event, date_ini, date_end, status, gender_id,sub_gender_id,winner_id, site_id) VALUES(54, 'Durango vampires', 'Automotive, Electronics & Grocery', 'emulación vía web Cara a cara', 'Acordión', 3, 789, 345849, '2017-12-15 09:01:07', '2017-12-15 09:01:07', '2017-12-16 12:01:07', 'O', 1, 2, NULL, 55);
INSERT INTO public.auth_user (id, password, last_login, is_superuser, username, first_name, last_name, email, is_staff, is_active, date_joined) VALUES (79,'pbkdf2_sha256$24000$2Pi6CjMjgA7D$NtEcGcuFbiuWTJSVGl+oHo2pvK6zzJTJTAd6sfQD8j4=', '2017-03-10 19:53:46.474341', true, 'Liliana.Orozco', '', '', 'Liliana.Orozco@contact.com', true, true, '2017-03-10 19:50:52.412073');
INSERT INTO public.dplanapp_site (id, site_name, phone, address, max_attendance, user_id, photo) VALUES (56, 'Trujillo y Trujillo S.A.B.', 351-586-3774, 'Jardines Humberto 2822 9ª Planta, Candelaria, MIC 50075', 215, 79, 'profilePictures/eyesFB2.0.png');
INSERT INTO public.dplanapp_event (id, name, title_event, description, technical_req, duration, max_attendance, price, date_event, date_ini, date_end, status, gender_id,sub_gender_id,winner_id, site_id) VALUES(55, 'Ciudad de México goblins', 'Computers', 'adaptador 4th generación Public-key', 'Violín', 1, 215, 53182, '2017-08-19 07:05:35', '2017-08-19 07:05:35', '2017-08-19 10:05:35', 'O', 1, 3, NULL, 56);
INSERT INTO public.auth_user (id, password, last_login, is_superuser, username, first_name, last_name, email, is_staff, is_active, date_joined) VALUES (80,'pbkdf2_sha256$24000$2Pi6CjMjgA7D$NtEcGcuFbiuWTJSVGl+oHo2pvK6zzJTJTAd6sfQD8j4=', '2017-03-10 19:53:46.474341', true, 'Ernesto.Soto', '', '', 'Ernesto.Soto@contact.com', true, true, '2017-03-10 19:50:52.412073');
INSERT INTO public.dplanapp_site (id, site_name, phone, address, max_attendance, user_id, photo) VALUES (57, 'Tovar Tovar S.R.L', (33) 8700 5911, 'Planta baja Rampa Maricela Aguilar 90019 Piso 32, Soteapan, JAL 36453', 183, 80, 'profilePictures/eyesFB2.0.png');
INSERT INTO public.dplanapp_event (id, name, title_event, description, technical_req, duration, max_attendance, price, date_event, date_ini, date_end, status, gender_id,sub_gender_id,winner_id, site_id) VALUES(56, 'Sinaloa werewolves', 'Clothing & Games', 'extranet escalable Para toda la empresa', 'Violonchelo', 6, 183, 293284, '2018-04-09 08:06:11', '2018-04-09 08:06:11', '2018-04-09 11:06:11', 'O', 1, 3, NULL, 57);
INSERT INTO public.auth_user (id, password, last_login, is_superuser, username, first_name, last_name, email, is_staff, is_active, date_joined) VALUES (81,'pbkdf2_sha256$24000$2Pi6CjMjgA7D$NtEcGcuFbiuWTJSVGl+oHo2pvK6zzJTJTAd6sfQD8j4=', '2017-03-10 19:53:46.474341', true, 'Rogelio.Morales', '', '', 'Rogelio.Morales@contact.com', true, true, '2017-03-10 19:50:52.412073');
INSERT INTO public.dplanapp_site (id, site_name, phone, address, max_attendance, user_id, photo) VALUES (58, 'Serrano, Serrano y Serrano Asociados S.A.', 81 6575 9399, 'Interior 336 Explanada Uruachi 35 Piso 8, Teocaltiche, CAM 15447', 769, 81, 'profilePictures/eyesFB2.0.png');
INSERT INTO public.dplanapp_event (id, name, title_event, description, technical_req, duration, max_attendance, price, date_event, date_ini, date_end, status, gender_id,sub_gender_id,winner_id, site_id) VALUES(57, 'Veracruz enchanters', 'Games, Industrial & Movies', 'política motivadora Multi capa', 'Trompeta', 2, 769, 375595, '2017-09-25 08:05:05', '2017-09-25 08:05:05', '2017-09-25 11:05:05', 'O', 2, 11, NULL, 58);
INSERT INTO public.auth_user (id, password, last_login, is_superuser, username, first_name, last_name, email, is_staff, is_active, date_joined) VALUES (82,'pbkdf2_sha256$24000$2Pi6CjMjgA7D$NtEcGcuFbiuWTJSVGl+oHo2pvK6zzJTJTAd6sfQD8j4=', '2017-03-10 19:53:46.474341', true, 'Rosa.Castañeda', '', '', 'Rosa.Castañeda@contact.com', true, true, '2017-03-10 19:50:52.412073');
INSERT INTO public.dplanapp_site (id, site_name, phone, address, max_attendance, user_id, photo) VALUES (59, 'Quintana Quintana S.R.L', 995-415-3255, 'Piso 1 Pasaje Colima S/N, Hunucma, COL 89362', 903, 82, 'profilePictures/eyesFB2.0.png');
INSERT INTO public.dplanapp_event (id, name, title_event, description, technical_req, duration, max_attendance, price, date_event, date_ini, date_end, status, gender_id,sub_gender_id,winner_id, site_id) VALUES(58, 'Tamaulipas dragons', 'Books & Sports', 'caja de herramientas generado por la demanda Totalmente configurable', 'Xilofón', 2, 903, 336162, '2017-05-11 01:00:53', '2017-05-11 01:00:53', '2017-05-11 04:00:53', 'O', 2, 11, NULL, 59);
INSERT INTO public.auth_user (id, password, last_login, is_superuser, username, first_name, last_name, email, is_staff, is_active, date_joined) VALUES (83,'pbkdf2_sha256$24000$2Pi6CjMjgA7D$NtEcGcuFbiuWTJSVGl+oHo2pvK6zzJTJTAd6sfQD8j4=', '2017-03-10 19:53:46.474341', true, 'Maricela.Cuevas', '', '', 'Maricela.Cuevas@contact.com', true, true, '2017-03-10 19:50:52.412073');
INSERT INTO public.dplanapp_site (id, site_name, phone, address, max_attendance, user_id, photo) VALUES (60, 'Vega S.R.L', 466-225-4653, 'Entrada San Carlos 22810 Interior ?0, Hocaba, GRO 07287', 792, 83, 'profilePictures/eyesFB2.0.png');
INSERT INTO public.dplanapp_event (id, name, title_event, description, technical_req, duration, max_attendance, price, date_event, date_ini, date_end, status, gender_id,sub_gender_id,winner_id, site_id) VALUES(59, 'Tamaulipas zebras', 'Grocery', 'red de area local nacional Implementado', 'Xilofón', 4, 792, 210938, '2017-11-05 01:10:04', '2017-11-05 01:10:04', '2017-11-05 04:10:04', 'O', 1, 4, NULL, 60);
INSERT INTO public.auth_user (id, password, last_login, is_superuser, username, first_name, last_name, email, is_staff, is_active, date_joined) VALUES (84,'pbkdf2_sha256$24000$2Pi6CjMjgA7D$NtEcGcuFbiuWTJSVGl+oHo2pvK6zzJTJTAd6sfQD8j4=', '2017-03-10 19:53:46.474341', true, 'Karina.Santos', '', '', 'Karina.Santos@contact.com', true, true, '2017-03-10 19:50:52.412073');
INSERT INTO public.dplanapp_site (id, site_name, phone, address, max_attendance, user_id, photo) VALUES (61, 'de Jesús de Jesús S.R.L', 55-3818-7416, 'Piso 8 Glorieta Sofía Rentería 89, Nuevo Zoquiapam, TLA 08515', 275, 84, 'profilePictures/eyesFB2.0.png');
INSERT INTO public.dplanapp_event (id, name, title_event, description, technical_req, duration, max_attendance, price, date_event, date_ini, date_end, status, gender_id,sub_gender_id,winner_id, site_id) VALUES(60, 'Coahuila monkeys', 'Health', 'medición cliente servidor Reducido', 'Bajo', 3, 275, 187508, '2017-11-06 04:07:27', '2017-11-06 04:07:27', '2017-11-06 07:07:27', 'O', 2, 12, NULL, 61);
INSERT INTO public.auth_user (id, password, last_login, is_superuser, username, first_name, last_name, email, is_staff, is_active, date_joined) VALUES (85,'pbkdf2_sha256$24000$2Pi6CjMjgA7D$NtEcGcuFbiuWTJSVGl+oHo2pvK6zzJTJTAd6sfQD8j4=', '2017-03-10 19:53:46.474341', true, 'Arturo.Benítez', '', '', 'Arturo.Benítez@contact.com', true, true, '2017-03-10 19:50:52.412073');
INSERT INTO public.dplanapp_site (id, site_name, phone, address, max_attendance, user_id, photo) VALUES (62, 'Sociedad Galicia S.A.B.', 33-8829-4293, 'Entrada Raymundo Villanueva S/N, Tapachula, NLE 47692', 586, 85, 'profilePictures/eyesFB2.0.png');
INSERT INTO public.dplanapp_event (id, name, title_event, description, technical_req, duration, max_attendance, price, date_event, date_ini, date_end, status, gender_id,sub_gender_id,winner_id, site_id) VALUES(61, 'Hidalgo kangaroos', 'Clothing, Music & Tools', 'base de trabajo 5th generación Intercambiable', 'Bajo', 2, 586, 179935, '2018-03-23 10:31:36', '2018-03-23 10:31:36', '2018-03-24 01:31:36', 'O', 2, 11, NULL, 62);
INSERT INTO public.auth_user (id, password, last_login, is_superuser, username, first_name, last_name, email, is_staff, is_active, date_joined) VALUES (86,'pbkdf2_sha256$24000$2Pi6CjMjgA7D$NtEcGcuFbiuWTJSVGl+oHo2pvK6zzJTJTAd6sfQD8j4=', '2017-03-10 19:53:46.474341', true, 'Miguel.Ávalos', '', '', 'Miguel.Ávalos@contact.com', true, true, '2017-03-10 19:50:52.412073');
INSERT INTO public.dplanapp_site (id, site_name, phone, address, max_attendance, user_id, photo) VALUES (63, 'Medrano Medrano S.A.', 55-5190-1949, 'Planta alta Camino Tacotalpa 0542, Iliatenco, BCS 89519', 552, 86, 'profilePictures/eyesFB2.0.png');
INSERT INTO public.dplanapp_event (id, name, title_event, description, technical_req, duration, max_attendance, price, date_event, date_ini, date_end, status, gender_id,sub_gender_id,winner_id, site_id) VALUES(62, 'Chiapas sheep', 'Jewelry, Music & Outdoors', 'encriptar maximizada Versatil', 'Violonchelo', 5, 552, 156699, '2018-03-19 05:51:58', '2018-03-19 05:51:58', '2018-03-19 08:51:58', 'O', 1, 4, NULL, 63);
INSERT INTO public.auth_user (id, password, last_login, is_superuser, username, first_name, last_name, email, is_staff, is_active, date_joined) VALUES (87,'pbkdf2_sha256$24000$2Pi6CjMjgA7D$NtEcGcuFbiuWTJSVGl+oHo2pvK6zzJTJTAd6sfQD8j4=', '2017-03-10 19:53:46.474341', true, 'Aurora.Zapata', '', '', 'Aurora.Zapata@contact.com', true, true, '2017-03-10 19:50:52.412073');
INSERT INTO public.dplanapp_site (id, site_name, phone, address, max_attendance, user_id, photo) VALUES (64, 'Guzmán S.C.', 599 506 4810, 'Rampa Colima S/N, Tuxpan, AGU 27962', 721, 87, 'profilePictures/eyesFB2.0.png');
INSERT INTO public.dplanapp_event (id, name, title_event, description, technical_req, duration, max_attendance, price, date_event, date_ini, date_end, status, gender_id,sub_gender_id,winner_id, site_id) VALUES(63, 'México gnomes', 'Clothing', 'website sistémica Perseverando', 'Armónica', 2, 721, 79753, '2018-01-31 10:14:45', '2018-01-31 10:14:45', '2018-02-01 01:14:45', 'O', 2, 9, NULL, 64);
INSERT INTO public.auth_user (id, password, last_login, is_superuser, username, first_name, last_name, email, is_staff, is_active, date_joined) VALUES (88,'pbkdf2_sha256$24000$2Pi6CjMjgA7D$NtEcGcuFbiuWTJSVGl+oHo2pvK6zzJTJTAd6sfQD8j4=', '2017-03-10 19:53:46.474341', true, 'Josefina.Marín', '', '', 'Josefina.Marín@contact.com', true, true, '2017-03-10 19:50:52.412073');
INSERT INTO public.dplanapp_site (id, site_name, phone, address, max_attendance, user_id, photo) VALUES (65, 'Alvarado Alvarado S.R.L', 356 415 1918, 'Piso 94 Vía Mazapil 463 Interior 028, Huanimaro, DIF 65447', 501, 88, 'profilePictures/eyesFB2.0.png');
INSERT INTO public.dplanapp_event (id, name, title_event, description, technical_req, duration, max_attendance, price, date_event, date_ini, date_end, status, gender_id,sub_gender_id,winner_id, site_id) VALUES(64, 'Baja California Sur zebras', 'Books', 'base de trabajo terciaria Orientado a equipos', 'Piano', 4, 501, 391949, '2017-07-02 01:00:26', '2017-07-02 01:00:26', '2017-07-02 04:00:26', 'O', 2, 12, NULL, 65);
INSERT INTO public.auth_user (id, password, last_login, is_superuser, username, first_name, last_name, email, is_staff, is_active, date_joined) VALUES (89,'pbkdf2_sha256$24000$2Pi6CjMjgA7D$NtEcGcuFbiuWTJSVGl+oHo2pvK6zzJTJTAd6sfQD8j4=', '2017-03-10 19:53:46.474341', true, 'Abel.López', '', '', 'Abel.López@contact.com', true, true, '2017-03-10 19:50:52.412073');
INSERT INTO public.dplanapp_site (id, site_name, phone, address, max_attendance, user_id, photo) VALUES (66, 'Grupo Juárez S.C.', 81 9152 6921, 'Glorieta Nayarit 72, Progreso, AGU 28412', 450, 89, 'profilePictures/eyesFB2.0.png');
INSERT INTO public.dplanapp_event (id, name, title_event, description, technical_req, duration, max_attendance, price, date_event, date_ini, date_end, status, gender_id,sub_gender_id,winner_id, site_id) VALUES(65, 'Baja California lions', 'Games', 'conglomeración multitarea Centrado en el negocio', 'Violín', 1, 450, 274772, '2018-04-14 04:19:07', '2018-04-14 04:19:07', '2018-04-14 07:19:07', 'O', 1, 3, NULL, 66);
INSERT INTO public.auth_user (id, password, last_login, is_superuser, username, first_name, last_name, email, is_staff, is_active, date_joined) VALUES (90,'pbkdf2_sha256$24000$2Pi6CjMjgA7D$NtEcGcuFbiuWTJSVGl+oHo2pvK6zzJTJTAd6sfQD8j4=', '2017-03-10 19:53:46.474341', true, 'Humberto.Rivas', '', '', 'Humberto.Rivas@contact.com', true, true, '2017-03-10 19:50:52.412073');
INSERT INTO public.dplanapp_site (id, site_name, phone, address, max_attendance, user_id, photo) VALUES (67, 'Grupo Financiero Acevedo S.A. de C.V.', (81) 9753 2911, 'Interior ?5 Arroyo Guerrero 679 Apartamento 46, Xalapa, YUC 85173', 354, 90, 'profilePictures/eyesFB2.0.png');
INSERT INTO public.dplanapp_event (id, name, title_event, description, technical_req, duration, max_attendance, price, date_event, date_ini, date_end, status, gender_id,sub_gender_id,winner_id, site_id) VALUES(66, 'Coahuila exorcists', 'Books', 'iniciativa multimedia Fundamental', 'Xilofón', 4, 354, 437607, '2018-04-04 10:07:36', '2018-04-04 10:07:36', '2018-04-04 01:07:36', 'O', 2, 9, NULL, 67);
INSERT INTO public.auth_user (id, password, last_login, is_superuser, username, first_name, last_name, email, is_staff, is_active, date_joined) VALUES (91,'pbkdf2_sha256$24000$2Pi6CjMjgA7D$NtEcGcuFbiuWTJSVGl+oHo2pvK6zzJTJTAd6sfQD8j4=', '2017-03-10 19:53:46.474341', true, 'Raymundo.Fuentes', '', '', 'Raymundo.Fuentes@contact.com', true, true, '2017-03-10 19:50:52.412073');
INSERT INTO public.dplanapp_site (id, site_name, phone, address, max_attendance, user_id, photo) VALUES (68, 'May, May y May Asociados S.R.L', 451-859-8708, 'Apartamento 33 Monte Hidalgo S/N, Huimilpan, NLE 63290', 227, 91, 'profilePictures/eyesFB2.0.png');
INSERT INTO public.dplanapp_event (id, name, title_event, description, technical_req, duration, max_attendance, price, date_event, date_ini, date_end, status, gender_id,sub_gender_id,winner_id, site_id) VALUES(67, 'San Luis Potosí oracles', 'Clothing', 'marco de tiempo estable Organico', 'Piano', 5, 227, 289156, '2017-09-12 10:19:54', '2017-09-12 10:19:54', '2017-09-13 01:19:54', 'O', 2, 10, NULL, 68);
INSERT INTO public.auth_user (id, password, last_login, is_superuser, username, first_name, last_name, email, is_staff, is_active, date_joined) VALUES (92,'pbkdf2_sha256$24000$2Pi6CjMjgA7D$NtEcGcuFbiuWTJSVGl+oHo2pvK6zzJTJTAd6sfQD8j4=', '2017-03-10 19:53:46.474341', true, 'Graciela.Alarcón', '', '', 'Graciela.Alarcón@contact.com', true, true, '2017-03-10 19:50:52.412073');
INSERT INTO public.dplanapp_site (id, site_name, phone, address, max_attendance, user_id, photo) VALUES (69, 'Colegio Gámez S.A.', 33-1502-8193, 'Paseo Chavinda S/N Planta baja, Cuernavaca, GUA 52749', 826, 92, 'profilePictures/eyesFB2.0.png');
INSERT INTO public.dplanapp_event (id, name, title_event, description, technical_req, duration, max_attendance, price, date_event, date_ini, date_end, status, gender_id,sub_gender_id,winner_id, site_id) VALUES(68, 'Tabasco dwarves', 'Beauty & Games', 'base de trabajo optimizada Digitalizado', 'Violonchelo', 6, 826, 370507, '2017-10-09 01:35:48', '2017-10-09 01:35:48', '2017-10-09 04:35:48', 'O', 2, 8, NULL, 69);
INSERT INTO public.auth_user (id, password, last_login, is_superuser, username, first_name, last_name, email, is_staff, is_active, date_joined) VALUES (93,'pbkdf2_sha256$24000$2Pi6CjMjgA7D$NtEcGcuFbiuWTJSVGl+oHo2pvK6zzJTJTAd6sfQD8j4=', '2017-03-10 19:53:46.474341', true, 'Maribel.Velasco', '', '', 'Maribel.Velasco@contact.com', true, true, '2017-03-10 19:50:52.412073');
INSERT INTO public.dplanapp_site (id, site_name, phone, address, max_attendance, user_id, photo) VALUES (70, 'Chávez S.C.', (33) 4010 0701, 'Barranco México 8, Acapulco, NLE 73806', 221, 93, 'profilePictures/eyesFB2.0.png');
INSERT INTO public.dplanapp_event (id, name, title_event, description, technical_req, duration, max_attendance, price, date_event, date_ini, date_end, status, gender_id,sub_gender_id,winner_id, site_id) VALUES(69, 'Morelos ghosts', 'Outdoors', 'contingencia cohesiva Centrado en el usuario', 'Xilofón', 5, 221, 414830, '2017-08-28 04:45:55', '2017-08-28 04:45:55', '2017-08-28 07:45:55', 'O', 1, 1, NULL, 70);
INSERT INTO public.auth_user (id, password, last_login, is_superuser, username, first_name, last_name, email, is_staff, is_active, date_joined) VALUES (94,'pbkdf2_sha256$24000$2Pi6CjMjgA7D$NtEcGcuFbiuWTJSVGl+oHo2pvK6zzJTJTAd6sfQD8j4=', '2017-03-10 19:53:46.474341', true, 'César.Baltazar', '', '', 'César.Baltazar@contact.com', true, true, '2017-03-10 19:50:52.412073');
INSERT INTO public.dplanapp_site (id, site_name, phone, address, max_attendance, user_id, photo) VALUES (71, 'Villalobos, Villalobos y Villalobos Asociados S.A.', 33-0454-8349, 'Plaza Alejandro Durán S/N Piso 88, Ahuatlan, COA 72791', 246, 94, 'profilePictures/eyesFB2.0.png');
INSERT INTO public.dplanapp_event (id, name, title_event, description, technical_req, duration, max_attendance, price, date_event, date_ini, date_end, status, gender_id,sub_gender_id,winner_id, site_id) VALUES(70, 'Guanajuato gooses', 'Garden', 'conjunto de instrucciones generada por el cliente Actualizable', 'Acordión', 2, 246, 66879, '2018-03-24 06:09:24', '2018-03-24 06:09:24', '2018-03-24 09:09:24', 'O', 1, 5, NULL, 71);
INSERT INTO public.auth_user (id, password, last_login, is_superuser, username, first_name, last_name, email, is_staff, is_active, date_joined) VALUES (95,'pbkdf2_sha256$24000$2Pi6CjMjgA7D$NtEcGcuFbiuWTJSVGl+oHo2pvK6zzJTJTAd6sfQD8j4=', '2017-03-10 19:53:46.474341', true, 'Maricela.Velázquez', '', '', 'Maricela.Velázquez@contact.com', true, true, '2017-03-10 19:50:52.412073');
INSERT INTO public.dplanapp_site (id, site_name, phone, address, max_attendance, user_id, photo) VALUES (72, 'García, García y García Asociados S.A. de C.V.', (55) 4705 5189, 'Bajada Tlaxcala 930 Planta alta, Genaro Codina, DUR 62413', 572, 95, 'profilePictures/eyesFB2.0.png');
INSERT INTO public.dplanapp_event (id, name, title_event, description, technical_req, duration, max_attendance, price, date_event, date_ini, date_end, status, gender_id,sub_gender_id,winner_id, site_id) VALUES(71, 'Oaxaca worshipers', 'Electronics', 'base de datos multimedia Digitalizado', 'Arpa', 6, 572, 426978, '2017-07-01 06:27:18', '2017-07-01 06:27:18', '2017-07-01 09:27:18', 'O', 1, 3, NULL, 72);
INSERT INTO public.auth_user (id, password, last_login, is_superuser, username, first_name, last_name, email, is_staff, is_active, date_joined) VALUES (96,'pbkdf2_sha256$24000$2Pi6CjMjgA7D$NtEcGcuFbiuWTJSVGl+oHo2pvK6zzJTJTAd6sfQD8j4=', '2017-03-10 19:53:46.474341', true, 'Raymundo.Treviño', '', '', 'Raymundo.Treviño@contact.com', true, true, '2017-03-10 19:50:52.412073');
INSERT INTO public.dplanapp_site (id, site_name, phone, address, max_attendance, user_id, photo) VALUES (73, 'Grupo Financiero Santana S.R.L', 55-6264-4277, 'Muelle Gómez Palacio S/N Apartamento 16, Jamapa, BCN 02225', 550, 96, 'profilePictures/eyesFB2.0.png');
INSERT INTO public.dplanapp_event (id, name, title_event, description, technical_req, duration, max_attendance, price, date_event, date_ini, date_end, status, gender_id,sub_gender_id,winner_id, site_id) VALUES(72, 'México nemesis', 'Music', 'algoritmo hibrida Configurable', 'Violonchelo', 1, 550, 69518, '2018-04-26 11:09:00', '2018-04-26 11:09:00', '2018-04-26 02:09:00', 'O', 1, 5, NULL, 73);
INSERT INTO public.auth_user (id, password, last_login, is_superuser, username, first_name, last_name, email, is_staff, is_active, date_joined) VALUES (97,'pbkdf2_sha256$24000$2Pi6CjMjgA7D$NtEcGcuFbiuWTJSVGl+oHo2pvK6zzJTJTAd6sfQD8j4=', '2017-03-10 19:53:46.474341', true, 'Sergio.Velázquez', '', '', 'Sergio.Velázquez@contact.com', true, true, '2017-03-10 19:50:52.412073');
INSERT INTO public.dplanapp_site (id, site_name, phone, address, max_attendance, user_id, photo) VALUES (74, 'Fondo Andrade S.A.', 81 7003 7850, 'Conjunto Rosalba 85434, Bacalar, QUE 97130', 687, 97, 'profilePictures/eyesFB2.0.png');
INSERT INTO public.dplanapp_event (id, name, title_event, description, technical_req, duration, max_attendance, price, date_event, date_ini, date_end, status, gender_id,sub_gender_id,winner_id, site_id) VALUES(73, 'Campeche bats', 'Garden', 'proceso de mejora 3rd generación Proactivo', 'Saxofón', 5, 687, 171384, '2017-05-15 04:47:31', '2017-05-15 04:47:31', '2017-05-15 07:47:31', 'O', 1, 5, NULL, 74);
INSERT INTO public.auth_user (id, password, last_login, is_superuser, username, first_name, last_name, email, is_staff, is_active, date_joined) VALUES (98,'pbkdf2_sha256$24000$2Pi6CjMjgA7D$NtEcGcuFbiuWTJSVGl+oHo2pvK6zzJTJTAd6sfQD8j4=', '2017-03-10 19:53:46.474341', true, 'Humberto.Acosta', '', '', 'Humberto.Acosta@contact.com', true, true, '2017-03-10 19:50:52.412073');
INSERT INTO public.dplanapp_site (id, site_name, phone, address, max_attendance, user_id, photo) VALUES (75, 'Reséndiz S.R.L', 81-4156-7879, 'Piso 9 Carretera Isabel 72884, Zapopan, SLP 79473', 906, 98, 'profilePictures/eyesFB2.0.png');
INSERT INTO public.dplanapp_event (id, name, title_event, description, technical_req, duration, max_attendance, price, date_event, date_ini, date_end, status, gender_id,sub_gender_id,winner_id, site_id) VALUES(74, 'Zacatecas sons', 'Books, Home & Kids', 'gestión presupuestaria tolerante a fallos Pre-emptivo', 'Arpa', 1, 906, 224439, '2017-11-22 07:35:34', '2017-11-22 07:35:34', '2017-11-22 10:35:34', 'O', 1, 1, NULL, 75);
INSERT INTO public.auth_user (id, password, last_login, is_superuser, username, first_name, last_name, email, is_staff, is_active, date_joined) VALUES (99,'pbkdf2_sha256$24000$2Pi6CjMjgA7D$NtEcGcuFbiuWTJSVGl+oHo2pvK6zzJTJTAd6sfQD8j4=', '2017-03-10 19:53:46.474341', true, 'Humberto.Cisneros', '', '', 'Humberto.Cisneros@contact.com', true, true, '2017-03-10 19:50:52.412073');
INSERT INTO public.dplanapp_site (id, site_name, phone, address, max_attendance, user_id, photo) VALUES (76, 'Islas S.C.', 938 354 3122, 'Bajada Miguel Hidalgo 49, Panuco, TAM 48687', 222, 99, 'profilePictures/eyesFB2.0.png');
INSERT INTO public.dplanapp_event (id, name, title_event, description, technical_req, duration, max_attendance, price, date_event, date_ini, date_end, status, gender_id,sub_gender_id,winner_id, site_id) VALUES(75, 'Hidalgo foxes', 'Electronics, Home & Music', 'estandardización alto nivel Multi capa', 'Xilofón', 6, 222, 131407, '2018-04-01 04:06:12', '2018-04-01 04:06:12', '2018-04-01 07:06:12', 'O', 2, 11, NULL, 76);
INSERT INTO public.auth_user (id, password, last_login, is_superuser, username, first_name, last_name, email, is_staff, is_active, date_joined) VALUES (100,'pbkdf2_sha256$24000$2Pi6CjMjgA7D$NtEcGcuFbiuWTJSVGl+oHo2pvK6zzJTJTAd6sfQD8j4=', '2017-03-10 19:53:46.474341', true, 'Agustina.Garza', '', '', 'Agustina.Garza@contact.com', true, true, '2017-03-10 19:50:52.412073');
INSERT INTO public.dplanapp_site (id, site_name, phone, address, max_attendance, user_id, photo) VALUES (77, 'Colegio Paredes S.A.', 81 2147 6702, 'Monte Tecomán S/N Departamento 131, Miquihuana, MIC 75315', 482, 100, 'profilePictures/eyesFB2.0.png');
INSERT INTO public.dplanapp_event (id, name, title_event, description, technical_req, duration, max_attendance, price, date_event, date_ini, date_end, status, gender_id,sub_gender_id,winner_id, site_id) VALUES(76, 'Querétaro penguins', 'Baby, Electronics & Garden', 'interfaz multimedia Visionario', 'Flauta', 2, 482, 249317, '2017-10-06 12:36:02', '2017-10-06 12:36:02', '2017-10-06 03:36:02', 'O', 1, 2, NULL, 77);
INSERT INTO public.auth_user (id, password, last_login, is_superuser, username, first_name, last_name, email, is_staff, is_active, date_joined) VALUES (101,'pbkdf2_sha256$24000$2Pi6CjMjgA7D$NtEcGcuFbiuWTJSVGl+oHo2pvK6zzJTJTAd6sfQD8j4=', '2017-03-10 19:53:46.474341', true, 'José Luis.Paredes', '', '', 'José Luis.Paredes@contact.com', true, true, '2017-03-10 19:50:52.412073');
INSERT INTO public.dplanapp_site (id, site_name, phone, address, max_attendance, user_id, photo) VALUES (78, 'Fondo Jímenez S.A. de C.V.', 245-469-5441, 'Entrada Puebla 73 Interior 030, Cuauhtémoc, DIF 32120', 397, 101, 'profilePictures/eyesFB2.0.png');
INSERT INTO public.dplanapp_event (id, name, title_event, description, technical_req, duration, max_attendance, price, date_event, date_ini, date_end, status, gender_id,sub_gender_id,winner_id, site_id) VALUES(77, 'Campeche spirits', 'Computers', 'actitud orientado a objetos Digitalizado', 'Trompeta', 6, 397, 378181, '2017-05-25 11:54:14', '2017-05-25 11:54:14', '2017-05-26 02:54:14', 'O', 2, 10, NULL, 78);
INSERT INTO public.auth_user (id, password, last_login, is_superuser, username, first_name, last_name, email, is_staff, is_active, date_joined) VALUES (102,'pbkdf2_sha256$24000$2Pi6CjMjgA7D$NtEcGcuFbiuWTJSVGl+oHo2pvK6zzJTJTAd6sfQD8j4=', '2017-03-10 19:53:46.474341', true, 'José Luis.Amador', '', '', 'José Luis.Amador@contact.com', true, true, '2017-03-10 19:50:52.412073');
INSERT INTO public.dplanapp_site (id, site_name, phone, address, max_attendance, user_id, photo) VALUES (79, 'Villegas, Villegas y Villegas Asociados S.R.L', 55-3985-0446, 'Grupo Centro 1731 Planta alta, González, NAY 12653', 400, 102, 'profilePictures/eyesFB2.0.png');
INSERT INTO public.dplanapp_event (id, name, title_event, description, technical_req, duration, max_attendance, price, date_event, date_ini, date_end, status, gender_id,sub_gender_id,winner_id, site_id) VALUES(78, 'Querétaro penguins', 'Outdoors', 'definición homogénea Proactivo', 'Armónica', 3, 400, 136689, '2017-06-12 11:15:10', '2017-06-12 11:15:10', '2017-06-12 02:15:10', 'O', 1, 5, NULL, 79);
INSERT INTO public.auth_user (id, password, last_login, is_superuser, username, first_name, last_name, email, is_staff, is_active, date_joined) VALUES (103,'pbkdf2_sha256$24000$2Pi6CjMjgA7D$NtEcGcuFbiuWTJSVGl+oHo2pvK6zzJTJTAd6sfQD8j4=', '2017-03-10 19:53:46.474341', true, 'Norma.Barrios', '', '', 'Norma.Barrios@contact.com', true, true, '2017-03-10 19:50:52.412073');
INSERT INTO public.dplanapp_site (id, site_name, phone, address, max_attendance, user_id, photo) VALUES (80, 'Valdez Valdez S.R.L', 55-8956-6239, 'Quinta Esther 7751 Piso 0, Chavinda, SLP 92088', 919, 103, 'profilePictures/eyesFB2.0.png');
INSERT INTO public.dplanapp_event (id, name, title_event, description, technical_req, duration, max_attendance, price, date_event, date_ini, date_end, status, gender_id,sub_gender_id,winner_id, site_id) VALUES(79, 'Nuevo León bats', 'Books', 'proyecto 6th generación Fácil', 'Piano', 1, 919, 307873, '2018-01-22 07:48:10', '2018-01-22 07:48:10', '2018-01-22 10:48:10', 'O', 2, 12, NULL, 80);
INSERT INTO public.auth_user (id, password, last_login, is_superuser, username, first_name, last_name, email, is_staff, is_active, date_joined) VALUES (104,'pbkdf2_sha256$24000$2Pi6CjMjgA7D$NtEcGcuFbiuWTJSVGl+oHo2pvK6zzJTJTAd6sfQD8j4=', '2017-03-10 19:53:46.474341', true, 'Ramiro.Ocampo', '', '', 'Ramiro.Ocampo@contact.com', true, true, '2017-03-10 19:50:52.412073');
INSERT INTO public.dplanapp_site (id, site_name, phone, address, max_attendance, user_id, photo) VALUES (81, 'Olivares, Olivares y Olivares Asociados S.R.L', 597 271 8808, 'Departamento 344 Glorieta Sinaloa 62415 Planta alta, Santiago Tenango, ROO 55785', 899, 104, 'profilePictures/eyesFB2.0.png');
INSERT INTO public.dplanapp_event (id, name, title_event, description, technical_req, duration, max_attendance, price, date_event, date_ini, date_end, status, gender_id,sub_gender_id,winner_id, site_id) VALUES(80, 'Sinaloa chickens', 'Garden', 'metodologías modular Operativo', 'Flauta', 2, 899, 320491, '2017-11-06 09:14:01', '2017-11-06 09:14:01', '2017-11-07 12:14:01', 'O', 1, 1, NULL, 81);
INSERT INTO public.auth_user (id, password, last_login, is_superuser, username, first_name, last_name, email, is_staff, is_active, date_joined) VALUES (105,'pbkdf2_sha256$24000$2Pi6CjMjgA7D$NtEcGcuFbiuWTJSVGl+oHo2pvK6zzJTJTAd6sfQD8j4=', '2017-03-10 19:53:46.474341', true, 'María Luisa.de León', '', '', 'María Luisa.de León@contact.com', true, true, '2017-03-10 19:50:52.412073');
INSERT INTO public.dplanapp_site (id, site_name, phone, address, max_attendance, user_id, photo) VALUES (82, 'Piña, Piña y Piña Asociados S.A. de C.V.', (81) 4801 7679, 'Departamento 519 Salida Humberto 1, Mezquital, BCN 42606', 784, 105, 'profilePictures/eyesFB2.0.png');
INSERT INTO public.dplanapp_event (id, name, title_event, description, technical_req, duration, max_attendance, price, date_event, date_ini, date_end, status, gender_id,sub_gender_id,winner_id, site_id) VALUES(81, 'Campeche zombies', 'Music & Toys', 'Interfaz gráfico de usuario heurística Progresivo', 'Organo', 4, 784, 319603, '2017-09-19 05:34:39', '2017-09-19 05:34:39', '2017-09-19 08:34:39', 'O', 2, 12, NULL, 82);
INSERT INTO public.auth_user (id, password, last_login, is_superuser, username, first_name, last_name, email, is_staff, is_active, date_joined) VALUES (106,'pbkdf2_sha256$24000$2Pi6CjMjgA7D$NtEcGcuFbiuWTJSVGl+oHo2pvK6zzJTJTAd6sfQD8j4=', '2017-03-10 19:53:46.474341', true, 'Marco Antonio.Vargas', '', '', 'Marco Antonio.Vargas@contact.com', true, true, '2017-03-10 19:50:52.412073');
INSERT INTO public.dplanapp_site (id, site_name, phone, address, max_attendance, user_id, photo) VALUES (83, 'Velasco y Velasco S.A.B.', 715-895-4069, 'Planta alta Jardines Manuela 36 Int. 6, Uruachi, GRO 48821', 878, 106, 'profilePictures/eyesFB2.0.png');
INSERT INTO public.dplanapp_event (id, name, title_event, description, technical_req, duration, max_attendance, price, date_event, date_ini, date_end, status, gender_id,sub_gender_id,winner_id, site_id) VALUES(82, 'Morelos lycanthropes', 'Automotive', 'definición motivadora Proactivo', 'Arpa', 5, 878, 472747, '2018-03-05 08:10:41', '2018-03-05 08:10:41', '2018-03-05 11:10:41', 'O', 2, 12, NULL, 83);
INSERT INTO public.auth_user (id, password, last_login, is_superuser, username, first_name, last_name, email, is_staff, is_active, date_joined) VALUES (107,'pbkdf2_sha256$24000$2Pi6CjMjgA7D$NtEcGcuFbiuWTJSVGl+oHo2pvK6zzJTJTAd6sfQD8j4=', '2017-03-10 19:53:46.474341', true, 'Martina.Salazar', '', '', 'Martina.Salazar@contact.com', true, true, '2017-03-10 19:50:52.412073');
INSERT INTO public.dplanapp_site (id, site_name, phone, address, max_attendance, user_id, photo) VALUES (84, 'Espinosa y Espinosa S.C.', 81 8387 1569, 'Plaza México 70971, Othón P. Blanco, TLA 46325', 664, 107, 'profilePictures/eyesFB2.0.png');
INSERT INTO public.dplanapp_event (id, name, title_event, description, technical_req, duration, max_attendance, price, date_event, date_ini, date_end, status, gender_id,sub_gender_id,winner_id, site_id) VALUES(83, 'Colima cats', 'Garden', 'protocolo basado en contenido Intercambiable', 'Ukelele', 5, 664, 191532, '2017-11-20 11:43:19', '2017-11-20 11:43:19', '2017-11-21 02:43:19', 'O', 2, 12, NULL, 84);
INSERT INTO public.auth_user (id, password, last_login, is_superuser, username, first_name, last_name, email, is_staff, is_active, date_joined) VALUES (108,'pbkdf2_sha256$24000$2Pi6CjMjgA7D$NtEcGcuFbiuWTJSVGl+oHo2pvK6zzJTJTAd6sfQD8j4=', '2017-03-10 19:53:46.474341', true, 'Marisol.Sandoval', '', '', 'Marisol.Sandoval@contact.com', true, true, '2017-03-10 19:50:52.412073');
INSERT INTO public.dplanapp_site (id, site_name, phone, address, max_attendance, user_id, photo) VALUES (85, 'Acosta, Acosta y Acosta Asociados S.A.B.', 385 225 8527, 'Glorieta Concepción S/N, Ensenada, ZAC 98232', 198, 108, 'profilePictures/eyesFB2.0.png');
INSERT INTO public.dplanapp_event (id, name, title_event, description, technical_req, duration, max_attendance, price, date_event, date_ini, date_end, status, gender_id,sub_gender_id,winner_id, site_id) VALUES(84, 'Guerrero elves', 'Electronics', 'Soporte generado por la demanda Multi capa', 'Guitarra Eléctrica', 4, 198, 329304, '2017-08-11 04:33:48', '2017-08-11 04:33:48', '2017-08-11 07:33:48', 'O', 2, 12, NULL, 85);
INSERT INTO public.auth_user (id, password, last_login, is_superuser, username, first_name, last_name, email, is_staff, is_active, date_joined) VALUES (109,'pbkdf2_sha256$24000$2Pi6CjMjgA7D$NtEcGcuFbiuWTJSVGl+oHo2pvK6zzJTJTAd6sfQD8j4=', '2017-03-10 19:53:46.474341', true, 'María Elena.Estrada', '', '', 'María Elena.Estrada@contact.com', true, true, '2017-03-10 19:50:52.412073');
INSERT INTO public.dplanapp_site (id, site_name, phone, address, max_attendance, user_id, photo) VALUES (86, 'Quiroz S.C.', 244-486-3893, 'Interior 998 Jardines Reyna 71863, Atenguillo, BCN 61462', 393, 109, 'profilePictures/eyesFB2.0.png');
INSERT INTO public.dplanapp_event (id, name, title_event, description, technical_req, duration, max_attendance, price, date_event, date_ini, date_end, status, gender_id,sub_gender_id,winner_id, site_id) VALUES(85, 'Tlaxcala geese', 'Grocery, Kids & Outdoors', 'fuerza de trabajo neutral Clonado', 'Armónica', 3, 393, 367432, '2017-07-08 03:39:45', '2017-07-08 03:39:45', '2017-07-08 06:39:45', 'O', 2, 11, NULL, 86);
INSERT INTO public.auth_user (id, password, last_login, is_superuser, username, first_name, last_name, email, is_staff, is_active, date_joined) VALUES (110,'pbkdf2_sha256$24000$2Pi6CjMjgA7D$NtEcGcuFbiuWTJSVGl+oHo2pvK6zzJTJTAd6sfQD8j4=', '2017-03-10 19:53:46.474341', true, 'Miriam.Báez', '', '', 'Miriam.Báez@contact.com', true, true, '2017-03-10 19:50:52.412073');
INSERT INTO public.dplanapp_site (id, site_name, phone, address, max_attendance, user_id, photo) VALUES (87, 'Paredes Paredes S.A.B.', 785 054 8270, 'Depto. 071 Mercado San Luis Potosí 52192, Unión Hidalgo, GUA 91692', 753, 110, 'profilePictures/eyesFB2.0.png');
INSERT INTO public.dplanapp_event (id, name, title_event, description, technical_req, duration, max_attendance, price, date_event, date_ini, date_end, status, gender_id,sub_gender_id,winner_id, site_id) VALUES(86, 'Tabasco dragons', 'Shoes', 'éxito no-volátil Opcional', 'Organo', 2, 753, 306043, '2017-06-21 09:07:26', '2017-06-21 09:07:26', '2017-06-21 12:07:26', 'O', 1, 3, NULL, 87);
INSERT INTO public.auth_user (id, password, last_login, is_superuser, username, first_name, last_name, email, is_staff, is_active, date_joined) VALUES (111,'pbkdf2_sha256$24000$2Pi6CjMjgA7D$NtEcGcuFbiuWTJSVGl+oHo2pvK6zzJTJTAd6sfQD8j4=', '2017-03-10 19:53:46.474341', true, 'Raquel.Santana', '', '', 'Raquel.Santana@contact.com', true, true, '2017-03-10 19:50:52.412073');
INSERT INTO public.dplanapp_site (id, site_name, phone, address, max_attendance, user_id, photo) VALUES (88, 'Rosas, Rosas y Rosas Asociados S.A. de C.V.', 754 910 8765, 'Int. 1 Calle Edith Anaya 4 Depto. 868, Comondú, ZAC 47282', 557, 111, 'profilePictures/eyesFB2.0.png');
INSERT INTO public.dplanapp_event (id, name, title_event, description, technical_req, duration, max_attendance, price, date_event, date_ini, date_end, status, gender_id,sub_gender_id,winner_id, site_id) VALUES(87, 'Zacatecas wolves', 'Computers, Home & Jewelry', 'habilidad 4th generación Multi capa', 'Saxofón', 4, 557, 390043, '2017-05-04 07:04:30', '2017-05-04 07:04:30', '2017-05-04 10:04:30', 'O', 2, 9, NULL, 88);
INSERT INTO public.auth_user (id, password, last_login, is_superuser, username, first_name, last_name, email, is_staff, is_active, date_joined) VALUES (112,'pbkdf2_sha256$24000$2Pi6CjMjgA7D$NtEcGcuFbiuWTJSVGl+oHo2pvK6zzJTJTAd6sfQD8j4=', '2017-03-10 19:53:46.474341', true, 'Victoria.León', '', '', 'Victoria.León@contact.com', true, true, '2017-03-10 19:50:52.412073');
INSERT INTO public.dplanapp_site (id, site_name, phone, address, max_attendance, user_id, photo) VALUES (89, 'Serrano S.A.B.', 476-179-4616, 'Depto. 579 Rincón Laura Ávalos 53 Int. 5, Pinal de Amoles, ROO 22048', 736, 112, 'profilePictures/eyesFB2.0.png');
INSERT INTO public.dplanapp_event (id, name, title_event, description, technical_req, duration, max_attendance, price, date_event, date_ini, date_end, status, gender_id,sub_gender_id,winner_id, site_id) VALUES(88, 'Colima chimeras', 'Grocery', 'concepto homogénea Avanzado', 'Ukelele', 6, 736, 410924, '2017-04-21 11:52:38', '2017-04-21 11:52:38', '2017-04-21 02:52:38', 'O', 1, 5, NULL, 89);
INSERT INTO public.auth_user (id, password, last_login, is_superuser, username, first_name, last_name, email, is_staff, is_active, date_joined) VALUES (113,'pbkdf2_sha256$24000$2Pi6CjMjgA7D$NtEcGcuFbiuWTJSVGl+oHo2pvK6zzJTJTAd6sfQD8j4=', '2017-03-10 19:53:46.474341', true, 'Rosalba.Robles', '', '', 'Rosalba.Robles@contact.com', true, true, '2017-03-10 19:50:52.412073');
INSERT INTO public.dplanapp_site (id, site_name, phone, address, max_attendance, user_id, photo) VALUES (90, 'Ruiz y Ruiz S.A.', 55-4087-5210, 'Carretera Carmen 58570, Ecatepec, OAX 20947', 647, 113, 'profilePictures/eyesFB2.0.png');
INSERT INTO public.dplanapp_event (id, name, title_event, description, technical_req, duration, max_attendance, price, date_event, date_ini, date_end, status, gender_id,sub_gender_id,winner_id, site_id) VALUES(89, 'Nayarit enchanters', 'Automotive', 'Interfaz gráfico de usuario misión crítica Fundamental', 'Violonchelo', 3, 647, 479430, '2017-06-18 04:51:30', '2017-06-18 04:51:30', '2017-06-18 07:51:30', 'O', 1, 3, NULL, 90);
INSERT INTO public.auth_user (id, password, last_login, is_superuser, username, first_name, last_name, email, is_staff, is_active, date_joined) VALUES (114,'pbkdf2_sha256$24000$2Pi6CjMjgA7D$NtEcGcuFbiuWTJSVGl+oHo2pvK6zzJTJTAd6sfQD8j4=', '2017-03-10 19:53:46.474341', true, 'Lorena.Macías', '', '', 'Lorena.Macías@contact.com', true, true, '2017-03-10 19:50:52.412073');
INSERT INTO public.dplanapp_site (id, site_name, phone, address, max_attendance, user_id, photo) VALUES (91, 'Romero S.C.', 55 1337 0933, 'Planta baja Bajada México 67, Nezahualcóyotl, VER 94362', 733, 114, 'profilePictures/eyesFB2.0.png');
INSERT INTO public.dplanapp_event (id, name, title_event, description, technical_req, duration, max_attendance, price, date_event, date_ini, date_end, status, gender_id,sub_gender_id,winner_id, site_id) VALUES(90, 'Sonora people', 'Games', 'data-warehouse acompasada Opcional', 'Xilofón', 3, 733, 272472, '2017-08-21 12:56:43', '2017-08-21 12:56:43', '2017-08-21 03:56:43', 'O', 1, 1, NULL, 91);
INSERT INTO public.auth_user (id, password, last_login, is_superuser, username, first_name, last_name, email, is_staff, is_active, date_joined) VALUES (115,'pbkdf2_sha256$24000$2Pi6CjMjgA7D$NtEcGcuFbiuWTJSVGl+oHo2pvK6zzJTJTAd6sfQD8j4=', '2017-03-10 19:53:46.474341', true, 'Miguel.Morán', '', '', 'Miguel.Morán@contact.com', true, true, '2017-03-10 19:50:52.412073');
INSERT INTO public.dplanapp_site (id, site_name, phone, address, max_attendance, user_id, photo) VALUES (92, 'Alfaro y Alfaro S.A.', 55 5401 0367, 'Explanada Marcela Contreras S/N Piso 81, Hermosillo, BCN 54786', 992, 115, 'profilePictures/eyesFB2.0.png');
INSERT INTO public.dplanapp_event (id, name, title_event, description, technical_req, duration, max_attendance, price, date_event, date_ini, date_end, status, gender_id,sub_gender_id,winner_id, site_id) VALUES(91, 'Ciudad de México bats', 'Grocery, Health & Music', 'firmware tolerancia cero Innovador', 'Flauta', 3, 992, 284895, '2017-07-31 05:52:46', '2017-07-31 05:52:46', '2017-07-31 08:52:46', 'O', 2, 9, NULL, 92);
INSERT INTO public.auth_user (id, password, last_login, is_superuser, username, first_name, last_name, email, is_staff, is_active, date_joined) VALUES (116,'pbkdf2_sha256$24000$2Pi6CjMjgA7D$NtEcGcuFbiuWTJSVGl+oHo2pvK6zzJTJTAd6sfQD8j4=', '2017-03-10 19:53:46.474341', true, 'Verónica.Montoya', '', '', 'Verónica.Montoya@contact.com', true, true, '2017-03-10 19:50:52.412073');
INSERT INTO public.dplanapp_site (id, site_name, phone, address, max_attendance, user_id, photo) VALUES (93, 'Saucedo Saucedo S.A.B.', 81 3894 8554, 'Planta alta Explanada Zacatecas S/N, Calakmul, SIN 02730', 139, 116, 'profilePictures/eyesFB2.0.png');
INSERT INTO public.dplanapp_event (id, name, title_event, description, technical_req, duration, max_attendance, price, date_event, date_ini, date_end, status, gender_id,sub_gender_id,winner_id, site_id) VALUES(92, 'Yucatán sons', 'Beauty & Books', 'actitud bidireccional Reducido', 'Saxofón', 2, 139, 390536, '2017-12-13 04:55:38', '2017-12-13 04:55:38', '2017-12-13 07:55:38', 'O', 1, 2, NULL, 93);
INSERT INTO public.auth_user (id, password, last_login, is_superuser, username, first_name, last_name, email, is_staff, is_active, date_joined) VALUES (117,'pbkdf2_sha256$24000$2Pi6CjMjgA7D$NtEcGcuFbiuWTJSVGl+oHo2pvK6zzJTJTAd6sfQD8j4=', '2017-03-10 19:53:46.474341', true, 'Ismael.Zamora', '', '', 'Ismael.Zamora@contact.com', true, true, '2017-03-10 19:50:52.412073');
INSERT INTO public.dplanapp_site (id, site_name, phone, address, max_attendance, user_id, photo) VALUES (94, 'Reyna Reyna S.A.', 741 759 8072, 'Mercado Carolina Miranda 21896, Miguel Hidalgo, YUC 15854', 311, 117, 'profilePictures/eyesFB2.0.png');
INSERT INTO public.dplanapp_event (id, name, title_event, description, technical_req, duration, max_attendance, price, date_event, date_ini, date_end, status, gender_id,sub_gender_id,winner_id, site_id) VALUES(93, 'Oaxaca dolphins', 'Home', 'hardware nacional Pre-emptivo', 'Organo', 5, 311, 195659, '2017-09-23 03:03:31', '2017-09-23 03:03:31', '2017-09-23 06:03:31', 'O', 2, 10, NULL, 94);
INSERT INTO public.auth_user (id, password, last_login, is_superuser, username, first_name, last_name, email, is_staff, is_active, date_joined) VALUES (118,'pbkdf2_sha256$24000$2Pi6CjMjgA7D$NtEcGcuFbiuWTJSVGl+oHo2pvK6zzJTJTAd6sfQD8j4=', '2017-03-10 19:53:46.474341', true, 'Erika.Trujillo', '', '', 'Erika.Trujillo@contact.com', true, true, '2017-03-10 19:50:52.412073');
INSERT INTO public.dplanapp_site (id, site_name, phone, address, max_attendance, user_id, photo) VALUES (95, 'Tapia S.R.L', 628-782-5392, 'Manzana Nuevo León 5, Cosio, JAL 21188', 805, 118, 'profilePictures/eyesFB2.0.png');
INSERT INTO public.dplanapp_event (id, name, title_event, description, technical_req, duration, max_attendance, price, date_event, date_ini, date_end, status, gender_id,sub_gender_id,winner_id, site_id) VALUES(94, 'Oaxaca vixens', 'Industrial', 'proyecto nacional Multi plataforma', 'Arpa', 5, 805, 379238, '2017-10-25 04:37:44', '2017-10-25 04:37:44', '2017-10-25 07:37:44', 'O', 1, 1, NULL, 95);
INSERT INTO public.auth_user (id, password, last_login, is_superuser, username, first_name, last_name, email, is_staff, is_active, date_joined) VALUES (119,'pbkdf2_sha256$24000$2Pi6CjMjgA7D$NtEcGcuFbiuWTJSVGl+oHo2pvK6zzJTJTAd6sfQD8j4=', '2017-03-10 19:53:46.474341', true, 'Enrique.Cortés', '', '', 'Enrique.Cortés@contact.com', true, true, '2017-03-10 19:50:52.412073');
INSERT INTO public.dplanapp_site (id, site_name, phone, address, max_attendance, user_id, photo) VALUES (96, 'Balderas S.A.B.', (493) 981 7080, 'Depto. 972 Pasaje Ahuatlan 508 Apartamento 87, Rosario, NAY 39423', 508, 119, 'profilePictures/eyesFB2.0.png');
INSERT INTO public.dplanapp_event (id, name, title_event, description, technical_req, duration, max_attendance, price, date_event, date_ini, date_end, status, gender_id,sub_gender_id,winner_id, site_id) VALUES(95, 'Chiapas monkeys', 'Baby & Movies', 'paradigma secundaria Operativo', 'Saxofón', 1, 508, 227446, '2017-08-19 12:04:25', '2017-08-19 12:04:25', '2017-08-19 03:04:25', 'O', 2, 11, NULL, 96);
INSERT INTO public.auth_user (id, password, last_login, is_superuser, username, first_name, last_name, email, is_staff, is_active, date_joined) VALUES (120,'pbkdf2_sha256$24000$2Pi6CjMjgA7D$NtEcGcuFbiuWTJSVGl+oHo2pvK6zzJTJTAd6sfQD8j4=', '2017-03-10 19:53:46.474341', true, 'Rogelio.Valencia', '', '', 'Rogelio.Valencia@contact.com', true, true, '2017-03-10 19:50:52.412073');
INSERT INTO public.dplanapp_site (id, site_name, phone, address, max_attendance, user_id, photo) VALUES (97, 'Herrera y Herrera S.A. de C.V.', 861-409-9653, 'Bajada Tabasco 671, Rosario, CAM 22206', 151, 120, 'profilePictures/eyesFB2.0.png');
INSERT INTO public.dplanapp_event (id, name, title_event, description, technical_req, duration, max_attendance, price, date_event, date_ini, date_end, status, gender_id,sub_gender_id,winner_id, site_id) VALUES(96, 'Oaxaca frogs', 'Automotive & Baby', 'array hibrida Re-contextualizado', 'Organo', 1, 151, 291621, '2018-01-27 03:56:14', '2018-01-27 03:56:14', '2018-01-27 06:56:14', 'O', 2, 8, NULL, 97);
INSERT INTO public.auth_user (id, password, last_login, is_superuser, username, first_name, last_name, email, is_staff, is_active, date_joined) VALUES (121,'pbkdf2_sha256$24000$2Pi6CjMjgA7D$NtEcGcuFbiuWTJSVGl+oHo2pvK6zzJTJTAd6sfQD8j4=', '2017-03-10 19:53:46.474341', true, 'Gabriel.Alarcón', '', '', 'Gabriel.Alarcón@contact.com', true, true, '2017-03-10 19:50:52.412073');
INSERT INTO public.dplanapp_site (id, site_name, phone, address, max_attendance, user_id, photo) VALUES (98, 'Sociedad Antonio S.A.B.', (784) 691 9506, 'Depto. 210 Manzana Angelina 62578, Zaragoza, NAY 74032', 621, 121, 'profilePictures/eyesFB2.0.png');
INSERT INTO public.dplanapp_event (id, name, title_event, description, technical_req, duration, max_attendance, price, date_event, date_ini, date_end, status, gender_id,sub_gender_id,winner_id, site_id) VALUES(97, 'Chihuahua exorcists', 'Clothing', 'proyección alto nivel Multi plataforma', 'Flauta', 4, 621, 497251, '2017-12-14 07:45:23', '2017-12-14 07:45:23', '2017-12-14 10:45:23', 'O', 1, 3, NULL, 98);
INSERT INTO public.auth_user (id, password, last_login, is_superuser, username, first_name, last_name, email, is_staff, is_active, date_joined) VALUES (122,'pbkdf2_sha256$24000$2Pi6CjMjgA7D$NtEcGcuFbiuWTJSVGl+oHo2pvK6zzJTJTAd6sfQD8j4=', '2017-03-10 19:53:46.474341', true, 'Olivia.Reséndiz', '', '', 'Olivia.Reséndiz@contact.com', true, true, '2017-03-10 19:50:52.412073');
INSERT INTO public.dplanapp_site (id, site_name, phone, address, max_attendance, user_id, photo) VALUES (99, 'Fondo Mora S.C.', 985 795 7807, 'Conjunto Manuela 97 Interior 953, Ocampo, NLE 15904', 175, 122, 'profilePictures/eyesFB2.0.png');
INSERT INTO public.dplanapp_event (id, name, title_event, description, technical_req, duration, max_attendance, price, date_event, date_ini, date_end, status, gender_id,sub_gender_id,winner_id, site_id) VALUES(98, 'Sinaloa goblins', 'Baby, Beauty & Clothing', 'previsión 6th generación Total', 'Guitarra Acústica', 4, 175, 416880, '2018-02-04 09:10:27', '2018-02-04 09:10:27', '2018-02-05 12:10:27', 'O', 1, 1, NULL, 99);
INSERT INTO public.auth_user (id, password, last_login, is_superuser, username, first_name, last_name, email, is_staff, is_active, date_joined) VALUES (123,'pbkdf2_sha256$24000$2Pi6CjMjgA7D$NtEcGcuFbiuWTJSVGl+oHo2pvK6zzJTJTAd6sfQD8j4=', '2017-03-10 19:53:46.474341', true, 'Ramiro.Yáñez', '', '', 'Ramiro.Yáñez@contact.com', true, true, '2017-03-10 19:50:52.412073');
INSERT INTO public.dplanapp_site (id, site_name, phone, address, max_attendance, user_id, photo) VALUES (100, 'Peña, Peña y Peña Asociados S.R.L', 55 3828 1164, 'Escalinata Coyoacán 985 Piso 5, Tepic, MEX 17880', 242, 123, 'profilePictures/eyesFB2.0.png');
INSERT INTO public.dplanapp_event (id, name, title_event, description, technical_req, duration, max_attendance, price, date_event, date_ini, date_end, status, gender_id,sub_gender_id,winner_id, site_id) VALUES(99, 'Aguascalientes bears', 'Grocery & Outdoors', 'archivo multiestado Integrado', 'Saxofón', 1, 242, 289684, '2017-08-31 01:11:15', '2017-08-31 01:11:15', '2017-08-31 04:11:15', 'O', 1, 3, NULL, 100);
INSERT INTO public.auth_user (id, password, last_login, is_superuser, username, first_name, last_name, email, is_staff, is_active, date_joined) VALUES (124,'pbkdf2_sha256$24000$2Pi6CjMjgA7D$NtEcGcuFbiuWTJSVGl+oHo2pvK6zzJTJTAd6sfQD8j4=', '2017-03-10 19:53:46.474341', true, 'Laura.Jímenez', '', '', 'Laura.Jímenez@contact.com', true, true, '2017-03-10 19:50:52.412073');
INSERT INTO public.dplanapp_site (id, site_name, phone, address, max_attendance, user_id, photo) VALUES (101, 'Velasco Velasco S.A.B.', (33) 4475 5633, 'Int. 3 Lago Yolanda Gallardo 41153, Tenosique, MOR 52085', 525, 124, 'profilePictures/eyesFB2.0.png');
INSERT INTO public.dplanapp_event (id, name, title_event, description, technical_req, duration, max_attendance, price, date_event, date_ini, date_end, status, gender_id,sub_gender_id,winner_id, site_id) VALUES(100, 'Yucatán rabbits', 'Shoes', 'marco de tiempo multiestado Extendido', 'Clarinete', 5, 525, 390180, '2018-01-09 04:06:44', '2018-01-09 04:06:44', '2018-01-09 07:06:44', 'O', 2, 10, NULL, 101);
INSERT INTO public.auth_user (id, password, last_login, is_superuser, username, first_name, last_name, email, is_staff, is_active, date_joined) VALUES (125,'pbkdf2_sha256$24000$2Pi6CjMjgA7D$NtEcGcuFbiuWTJSVGl+oHo2pvK6zzJTJTAd6sfQD8j4=', '2017-03-10 19:53:46.474341', true, 'Javier.Escobar', '', '', 'Javier.Escobar@contact.com', true, true, '2017-03-10 19:50:52.412073');
INSERT INTO public.dplanapp_site (id, site_name, phone, address, max_attendance, user_id, photo) VALUES (102, 'Álvarez S.A. de C.V.', (55) 7149 8705, 'Muelle Guillermo 64258 Interior 146, Montemorelos, QUE 36819', 156, 125, 'profilePictures/eyesFB2.0.png');
INSERT INTO public.dplanapp_event (id, name, title_event, description, technical_req, duration, max_attendance, price, date_event, date_ini, date_end, status, gender_id,sub_gender_id,winner_id, site_id) VALUES(101, 'Chihuahua chickens', 'Automotive, Computers & Grocery', 'firmware monitorizada por red Clonado', 'Armónica', 6, 156, 206175, '2017-05-29 03:51:38', '2017-05-29 03:51:38', '2017-05-29 06:51:38', 'O', 2, 8, NULL, 102);
INSERT INTO public.auth_user (id, password, last_login, is_superuser, username, first_name, last_name, email, is_staff, is_active, date_joined) VALUES (126,'pbkdf2_sha256$24000$2Pi6CjMjgA7D$NtEcGcuFbiuWTJSVGl+oHo2pvK6zzJTJTAd6sfQD8j4=', '2017-03-10 19:53:46.474341', true, 'Ismael.Méndez', '', '', 'Ismael.Méndez@contact.com', true, true, '2017-03-10 19:50:52.412073');
INSERT INTO public.dplanapp_site (id, site_name, phone, address, max_attendance, user_id, photo) VALUES (103, 'de la Cruz, de la Cruz y de la Cruz Asociados S.A.', 495 684 6036, 'Grupo Querétaro S/N Piso 1, Puebla, CAM 81821', 907, 126, 'profilePictures/eyesFB2.0.png');
INSERT INTO public.dplanapp_event (id, name, title_event, description, technical_req, duration, max_attendance, price, date_event, date_ini, date_end, status, gender_id,sub_gender_id,winner_id, site_id) VALUES(102, 'Chiapas birds', 'Health & Jewelry', 'sistema abierto móbil Digitalizado', 'Acordión', 3, 907, 361755, '2017-09-13 01:36:13', '2017-09-13 01:36:13', '2017-09-13 04:36:13', 'O', 1, 3, NULL, 103);
INSERT INTO public.auth_user (id, password, last_login, is_superuser, username, first_name, last_name, email, is_staff, is_active, date_joined) VALUES (127,'pbkdf2_sha256$24000$2Pi6CjMjgA7D$NtEcGcuFbiuWTJSVGl+oHo2pvK6zzJTJTAd6sfQD8j4=', '2017-03-10 19:53:46.474341', true, 'Catalina.Alonso', '', '', 'Catalina.Alonso@contact.com', true, true, '2017-03-10 19:50:52.412073');
INSERT INTO public.dplanapp_site (id, site_name, phone, address, max_attendance, user_id, photo) VALUES (104, 'Garduño, Garduño y Garduño Asociados S.A. de C.V.', (636) 939 3387, 'Interior 225 Subida Rosalba 031 Planta baja, Doctor Mora, COL 23203', 353, 127, 'profilePictures/eyesFB2.0.png');
INSERT INTO public.dplanapp_event (id, name, title_event, description, technical_req, duration, max_attendance, price, date_event, date_ini, date_end, status, gender_id,sub_gender_id,winner_id, site_id) VALUES(103, 'San Luis Potosí wolves', 'Toys', 'aplicación logística Multi grupo', 'Bateria', 4, 353, 286562, '2017-11-28 06:07:11', '2017-11-28 06:07:11', '2017-11-28 09:07:11', 'O', 2, 10, NULL, 104);
INSERT INTO public.auth_user (id, password, last_login, is_superuser, username, first_name, last_name, email, is_staff, is_active, date_joined) VALUES (128,'pbkdf2_sha256$24000$2Pi6CjMjgA7D$NtEcGcuFbiuWTJSVGl+oHo2pvK6zzJTJTAd6sfQD8j4=', '2017-03-10 19:53:46.474341', true, 'Adrián.Gallegos', '', '', 'Adrián.Gallegos@contact.com', true, true, '2017-03-10 19:50:52.412073');
INSERT INTO public.dplanapp_site (id, site_name, phone, address, max_attendance, user_id, photo) VALUES (105, 'Escobedo Escobedo S.C.', 55-3534-9756, 'Piso 2 Explanada Elizabeth 36, Tecomán, SLP 87356', 301, 128, 'profilePictures/eyesFB2.0.png');
INSERT INTO public.dplanapp_event (id, name, title_event, description, technical_req, duration, max_attendance, price, date_event, date_ini, date_end, status, gender_id,sub_gender_id,winner_id, site_id) VALUES(104, 'Nuevo León tigers', 'Jewelry & Tools', 'utilización 24 horas Actualizable', 'Clarinete', 2, 301, 66749, '2018-03-28 12:32:12', '2018-03-28 12:32:12', '2018-03-28 03:32:12', 'O', 1, 5, NULL, 105);
