INSERT INTO public.auth_user (id, password, last_login, is_superuser, username, first_name, last_name, email, is_staff, is_active, date_joined) VALUES (29,'pbkdf2_sha256$24000$2Pi6CjMjgA7D$NtEcGcuFbiuWTJSVGl+oHo2pvK6zzJTJTAd6sfQD8j4=', '2017-03-10 19:53:46.474341', true, 'Margarita.Márquez', '', '', 'Margarita.Márquez@contact.com', true, true, '2017-03-10 19:50:52.412073');
INSERT INTO public.dplanapp_site (id, site_name, phone, address, max_attendance, user_id, photo) VALUES (6, 'Reséndiz Reséndiz S.A.', (81) 9538 8820, 'Apartamento 15 Mercado Héctor S/N, Totolac, VER 46137', 353, 29, 'profilePictures/eyesFB2.0.png');
INSERT INTO public.dplanapp_event (id, name, title_event, description, technical_req, duration, max_attendance, price, date_event, date_ini, date_end, status, gender_id,sub_gender_id,winner_id, site_id) VALUES(5, 'Hidalgo foes', 'Baby & Games', 'caja de herramientas sistémica Robusto', 'Bateria', 3, 353, 60487, '2017-06-02 06:44:18', '2017-06-02 06:44:18', '2017-06-02 09:44:18', 'O', 1, 5, NULL, 6);
INSERT INTO public.auth_user (id, password, last_login, is_superuser, username, first_name, last_name, email, is_staff, is_active, date_joined) VALUES (30,'pbkdf2_sha256$24000$2Pi6CjMjgA7D$NtEcGcuFbiuWTJSVGl+oHo2pvK6zzJTJTAd6sfQD8j4=', '2017-03-10 19:53:46.474341', true, 'Gloria.Rosales', '', '', 'Gloria.Rosales@contact.com', true, true, '2017-03-10 19:50:52.412073');
INSERT INTO public.dplanapp_site (id, site_name, phone, address, max_attendance, user_id, photo) VALUES (7, 'Ávila Ávila S.A. de C.V.', 55-9644-2312, 'Rampa Marina S/N, San Lorenzo, VER 47654', 589, 30, 'profilePictures/eyesFB2.0.png');
INSERT INTO public.dplanapp_event (id, name, title_event, description, technical_req, duration, max_attendance, price, date_event, date_ini, date_end, status, gender_id,sub_gender_id,winner_id, site_id) VALUES(6, 'Zacatecas vixens', 'Baby & Garden', 'circuito analizada Mejorado', 'Violín', 1, 589, 492297, '2017-07-31 02:56:47', '2017-07-31 02:56:47', '2017-07-31 05:56:47', 'O', 2, 8, NULL, 7);
INSERT INTO public.auth_user (id, password, last_login, is_superuser, username, first_name, last_name, email, is_staff, is_active, date_joined) VALUES (31,'pbkdf2_sha256$24000$2Pi6CjMjgA7D$NtEcGcuFbiuWTJSVGl+oHo2pvK6zzJTJTAd6sfQD8j4=', '2017-03-10 19:53:46.474341', true, 'Gustavo.Balderas', '', '', 'Gustavo.Balderas@contact.com', true, true, '2017-03-10 19:50:52.412073');
INSERT INTO public.dplanapp_site (id, site_name, phone, address, max_attendance, user_id, photo) VALUES (8, 'Peña y Peña S.R.L', 55 7012 5017, 'Departamento 149 Subida Lorenzo S/N, Ciudad Valles, CAM 25740', 466, 31, 'profilePictures/eyesFB2.0.png');
INSERT INTO public.dplanapp_event (id, name, title_event, description, technical_req, duration, max_attendance, price, date_event, date_ini, date_end, status, gender_id,sub_gender_id,winner_id, site_id) VALUES(7, 'Veracruz giants', 'Sports & Toys', 'producto óptima Digitalizado', 'Clarinete', 4, 466, 115468, '2017-07-17 10:50:41', '2017-07-17 10:50:41', '2017-07-18 01:50:41', 'O', 1, 5, NULL, 8);
INSERT INTO public.auth_user (id, password, last_login, is_superuser, username, first_name, last_name, email, is_staff, is_active, date_joined) VALUES (32,'pbkdf2_sha256$24000$2Pi6CjMjgA7D$NtEcGcuFbiuWTJSVGl+oHo2pvK6zzJTJTAd6sfQD8j4=', '2017-03-10 19:53:46.474341', true, 'Ángel.Maldonado', '', '', 'Ángel.Maldonado@contact.com', true, true, '2017-03-10 19:50:52.412073');
INSERT INTO public.dplanapp_site (id, site_name, phone, address, max_attendance, user_id, photo) VALUES (9, 'Macías, Macías y Macías Asociados S.C.', (55) 4584 9612, 'Explanada Tlaxcala 75, Saltillo, PUE 86019', 561, 32, 'profilePictures/eyesFB2.0.png');
INSERT INTO public.dplanapp_event (id, name, title_event, description, technical_req, duration, max_attendance, price, date_event, date_ini, date_end, status, gender_id,sub_gender_id,winner_id, site_id) VALUES(8, 'Hidalgo exorcists', 'Automotive, Grocery & Outdoors', 'capacidad metódica Adaptativo', 'Piano', 3, 561, 400576, '2017-10-30 08:33:41', '2017-10-30 08:33:41', '2017-10-30 11:33:41', 'O', 2, 11, NULL, 9);
INSERT INTO public.auth_user (id, password, last_login, is_superuser, username, first_name, last_name, email, is_staff, is_active, date_joined) VALUES (33,'pbkdf2_sha256$24000$2Pi6CjMjgA7D$NtEcGcuFbiuWTJSVGl+oHo2pvK6zzJTJTAd6sfQD8j4=', '2017-03-10 19:53:46.474341', true, 'Adela.Gálvez', '', '', 'Adela.Gálvez@contact.com', true, true, '2017-03-10 19:50:52.412073');
INSERT INTO public.dplanapp_site (id, site_name, phone, address, max_attendance, user_id, photo) VALUES (10, 'Quintero S.A.', 81 6535 8698, 'Muelle Durango 8 Interior ?0, Cuencame, MEX 91773', 858, 33, 'profilePictures/eyesFB2.0.png');
INSERT INTO public.dplanapp_event (id, name, title_event, description, technical_req, duration, max_attendance, price, date_event, date_ini, date_end, status, gender_id,sub_gender_id,winner_id, site_id) VALUES(9, 'Morelos bears', 'Industrial', 'arquitectura abierta multitarea Centralizado', 'Ukelele', 6, 858, 163797, '2017-09-13 02:16:19', '2017-09-13 02:16:19', '2017-09-13 05:16:19', 'O', 2, 11, NULL, 10);
INSERT INTO public.auth_user (id, password, last_login, is_superuser, username, first_name, last_name, email, is_staff, is_active, date_joined) VALUES (34,'pbkdf2_sha256$24000$2Pi6CjMjgA7D$NtEcGcuFbiuWTJSVGl+oHo2pvK6zzJTJTAd6sfQD8j4=', '2017-03-10 19:53:46.474341', true, 'Felipe.Muñoz', '', '', 'Felipe.Muñoz@contact.com', true, true, '2017-03-10 19:50:52.412073');
INSERT INTO public.dplanapp_site (id, site_name, phone, address, max_attendance, user_id, photo) VALUES (11, 'Carmona S.A.', 962-873-1499, 'Glorieta Ignacio Quintana 0644, Cunduacán, JAL 57702', 179, 34, 'profilePictures/eyesFB2.0.png');
INSERT INTO public.dplanapp_event (id, name, title_event, description, technical_req, duration, max_attendance, price, date_event, date_ini, date_end, status, gender_id,sub_gender_id,winner_id, site_id) VALUES(10, 'Guerrero sheep', 'Computers', 'portal sistémica Realineado', 'Guitarra Acústica', 5, 179, 374501, '2017-12-14 03:32:25', '2017-12-14 03:32:25', '2017-12-14 06:32:25', 'O', 1, 2, NULL, 11);
INSERT INTO public.auth_user (id, password, last_login, is_superuser, username, first_name, last_name, email, is_staff, is_active, date_joined) VALUES (35,'pbkdf2_sha256$24000$2Pi6CjMjgA7D$NtEcGcuFbiuWTJSVGl+oHo2pvK6zzJTJTAd6sfQD8j4=', '2017-03-10 19:53:46.474341', true, 'Isidro.Soto', '', '', 'Isidro.Soto@contact.com', true, true, '2017-03-10 19:50:52.412073');
INSERT INTO public.dplanapp_site (id, site_name, phone, address, max_attendance, user_id, photo) VALUES (12, 'de la Torre S.A.B.', 867-011-0833, 'Sector Altar S/N, San Carlos, MOR 21792', 702, 35, 'profilePictures/eyesFB2.0.png');
INSERT INTO public.dplanapp_event (id, name, title_event, description, technical_req, duration, max_attendance, price, date_event, date_ini, date_end, status, gender_id,sub_gender_id,winner_id, site_id) VALUES(11, 'Tamaulipas crows', 'Grocery & Sports', 'enfoque multitarea Integrado', 'Saxofón', 3, 702, 315484, '2017-12-05 12:46:51', '2017-12-05 12:46:51', '2017-12-05 03:46:51', 'O', 1, 3, NULL, 12);
INSERT INTO public.auth_user (id, password, last_login, is_superuser, username, first_name, last_name, email, is_staff, is_active, date_joined) VALUES (36,'pbkdf2_sha256$24000$2Pi6CjMjgA7D$NtEcGcuFbiuWTJSVGl+oHo2pvK6zzJTJTAd6sfQD8j4=', '2017-03-10 19:53:46.474341', true, 'Carlos.Pérez', '', '', 'Carlos.Pérez@contact.com', true, true, '2017-03-10 19:50:52.412073');
INSERT INTO public.dplanapp_site (id, site_name, phone, address, max_attendance, user_id, photo) VALUES (13, 'Vargas S.C.', 777-570-8540, 'Piso 9 Glorieta Vicente 996, Apan, TAM 24836', 575, 36, 'profilePictures/eyesFB2.0.png');
INSERT INTO public.dplanapp_event (id, name, title_event, description, technical_req, duration, max_attendance, price, date_event, date_ini, date_end, status, gender_id,sub_gender_id,winner_id, site_id) VALUES(12, 'Jalisco chickens', 'Automotive, Computers & Toys', 'matrices sistemática Gestionado', 'Guitarra Acústica', 4, 575, 81916, '2017-12-11 12:00:21', '2017-12-11 12:00:21', '2017-12-11 03:00:21', 'O', 1, 4, NULL, 13);
INSERT INTO public.auth_user (id, password, last_login, is_superuser, username, first_name, last_name, email, is_staff, is_active, date_joined) VALUES (37,'pbkdf2_sha256$24000$2Pi6CjMjgA7D$NtEcGcuFbiuWTJSVGl+oHo2pvK6zzJTJTAd6sfQD8j4=', '2017-03-10 19:53:46.474341', true, 'Salvador.Benítez', '', '', 'Salvador.Benítez@contact.com', true, true, '2017-03-10 19:50:52.412073');
INSERT INTO public.dplanapp_site (id, site_name, phone, address, max_attendance, user_id, photo) VALUES (14, 'Reséndiz S.C.', (456) 551 6383, 'Parque México 6, Lerdo, TAM 40917', 695, 37, 'profilePictures/eyesFB2.0.png');
INSERT INTO public.dplanapp_event (id, name, title_event, description, technical_req, duration, max_attendance, price, date_event, date_ini, date_end, status, gender_id,sub_gender_id,winner_id, site_id) VALUES(13, 'Tabasco people', 'Beauty, Clothing & Garden', 'conglomeración asimétrica Centrado en el usuario', 'Violonchelo', 3, 695, 122651, '2018-01-23 03:32:44', '2018-01-23 03:32:44', '2018-01-23 06:32:44', 'O', 1, 5, NULL, 14);
INSERT INTO public.auth_user (id, password, last_login, is_superuser, username, first_name, last_name, email, is_staff, is_active, date_joined) VALUES (38,'pbkdf2_sha256$24000$2Pi6CjMjgA7D$NtEcGcuFbiuWTJSVGl+oHo2pvK6zzJTJTAd6sfQD8j4=', '2017-03-10 19:53:46.474341', true, 'José Alberto.Gutiérrez', '', '', 'José Alberto.Gutiérrez@contact.com', true, true, '2017-03-10 19:50:52.412073');
INSERT INTO public.dplanapp_site (id, site_name, phone, address, max_attendance, user_id, photo) VALUES (15, 'Fuentes, Fuentes y Fuentes Asociados S.A.', 923 034 1279, 'Lago Veracruz S/N Interior 979, Atenco, COA 59831', 275, 38, 'profilePictures/eyesFB2.0.png');
INSERT INTO public.dplanapp_event (id, name, title_event, description, technical_req, duration, max_attendance, price, date_event, date_ini, date_end, status, gender_id,sub_gender_id,winner_id, site_id) VALUES(14, 'Guanajuato penguins', 'Automotive, Electronics & Outdoors', 'definición maximizada Persistente', 'Violín', 4, 275, 244303, '2018-02-18 01:27:31', '2018-02-18 01:27:31', '2018-02-18 04:27:31', 'O', 2, 10, NULL, 15);
INSERT INTO public.auth_user (id, password, last_login, is_superuser, username, first_name, last_name, email, is_staff, is_active, date_joined) VALUES (39,'pbkdf2_sha256$24000$2Pi6CjMjgA7D$NtEcGcuFbiuWTJSVGl+oHo2pvK6zzJTJTAd6sfQD8j4=', '2017-03-10 19:53:46.474341', true, 'Bertha.Rentería', '', '', 'Bertha.Rentería@contact.com', true, true, '2017-03-10 19:50:52.412073');
INSERT INTO public.dplanapp_site (id, site_name, phone, address, max_attendance, user_id, photo) VALUES (16, 'Islas Islas S.C.', 33 1199 1674, 'Parque Eduardo Ventura 256, Cancún, TLA 20553', 320, 39, 'profilePictures/eyesFB2.0.png');
INSERT INTO public.dplanapp_event (id, name, title_event, description, technical_req, duration, max_attendance, price, date_event, date_ini, date_end, status, gender_id,sub_gender_id,winner_id, site_id) VALUES(15, 'Nuevo León banshees', 'Automotive', 'aprovechar innovadora Configurable', 'Organo', 3, 320, 393059, '2017-08-03 04:18:14', '2017-08-03 04:18:14', '2017-08-03 07:18:14', 'O', 2, 12, NULL, 16);
INSERT INTO public.auth_user (id, password, last_login, is_superuser, username, first_name, last_name, email, is_staff, is_active, date_joined) VALUES (40,'pbkdf2_sha256$24000$2Pi6CjMjgA7D$NtEcGcuFbiuWTJSVGl+oHo2pvK6zzJTJTAd6sfQD8j4=', '2017-03-10 19:53:46.474341', true, 'Marcela.Núñez', '', '', 'Marcela.Núñez@contact.com', true, true, '2017-03-10 19:50:52.412073');
INSERT INTO public.dplanapp_site (id, site_name, phone, address, max_attendance, user_id, photo) VALUES (17, 'Báez y Báez S.A.', 55-1192-7316, 'Planta baja Paseo Manuel 70 Planta alta, Mazatlán, GUA 13538', 230, 40, 'profilePictures/eyesFB2.0.png');
INSERT INTO public.dplanapp_event (id, name, title_event, description, technical_req, duration, max_attendance, price, date_event, date_ini, date_end, status, gender_id,sub_gender_id,winner_id, site_id) VALUES(16, 'Guerrero spirits', 'Baby', 'medición intangible Orientado a equipos', 'Guitarra Acústica', 5, 230, 151464, '2017-09-18 05:01:29', '2017-09-18 05:01:29', '2017-09-18 08:01:29', 'O', 2, 11, NULL, 17);
INSERT INTO public.auth_user (id, password, last_login, is_superuser, username, first_name, last_name, email, is_staff, is_active, date_joined) VALUES (41,'pbkdf2_sha256$24000$2Pi6CjMjgA7D$NtEcGcuFbiuWTJSVGl+oHo2pvK6zzJTJTAd6sfQD8j4=', '2017-03-10 19:53:46.474341', true, 'Agustín.Lugo', '', '', 'Agustín.Lugo@contact.com', true, true, '2017-03-10 19:50:52.412073');
INSERT INTO public.dplanapp_site (id, site_name, phone, address, max_attendance, user_id, photo) VALUES (18, 'Zaragoza Zaragoza S.C.', (279) 818 5362, 'Explanada Ramiro Ávalos 08494, Progreso, NAY 73434', 601, 41, 'profilePictures/eyesFB2.0.png');
INSERT INTO public.dplanapp_event (id, name, title_event, description, technical_req, duration, max_attendance, price, date_event, date_ini, date_end, status, gender_id,sub_gender_id,winner_id, site_id) VALUES(17, 'Ciudad de México horses', 'Beauty, Games & Industrial', 'base de trabajo cliente servidor Monitorizado', 'Ukelele', 5, 601, 303889, '2017-08-15 09:55:27', '2017-08-15 09:55:27', '2017-08-15 12:55:27', 'O', 1, 6, NULL, 18);
INSERT INTO public.auth_user (id, password, last_login, is_superuser, username, first_name, last_name, email, is_staff, is_active, date_joined) VALUES (42,'pbkdf2_sha256$24000$2Pi6CjMjgA7D$NtEcGcuFbiuWTJSVGl+oHo2pvK6zzJTJTAd6sfQD8j4=', '2017-03-10 19:53:46.474341', true, 'Petra.Sotelo', '', '', 'Petra.Sotelo@contact.com', true, true, '2017-03-10 19:50:52.412073');
INSERT INTO public.dplanapp_site (id, site_name, phone, address, max_attendance, user_id, photo) VALUES (19, 'Arreola Arreola S.A.', 628 114 4664, 'Vía Rigoberto 534 Int. 2, Zaragoza, PUE 44484', 459, 42, 'profilePictures/eyesFB2.0.png');
INSERT INTO public.dplanapp_event (id, name, title_event, description, technical_req, duration, max_attendance, price, date_event, date_ini, date_end, status, gender_id,sub_gender_id,winner_id, site_id) VALUES(18, 'Ciudad de México werewolves', 'Computers, Tools & Toys', 'éxito vía web Intuitivo', 'Trompeta', 3, 459, 152337, '2017-05-02 03:42:42', '2017-05-02 03:42:42', '2017-05-02 06:42:42', 'O', 2, 9, NULL, 19);
INSERT INTO public.auth_user (id, password, last_login, is_superuser, username, first_name, last_name, email, is_staff, is_active, date_joined) VALUES (43,'pbkdf2_sha256$24000$2Pi6CjMjgA7D$NtEcGcuFbiuWTJSVGl+oHo2pvK6zzJTJTAd6sfQD8j4=', '2017-03-10 19:53:46.474341', true, 'César.Francisco', '', '', 'César.Francisco@contact.com', true, true, '2017-03-10 19:50:52.412073');
INSERT INTO public.dplanapp_site (id, site_name, phone, address, max_attendance, user_id, photo) VALUES (20, 'Ojeda, Ojeda y Ojeda Asociados S.A. de C.V.', (999) 319 0276, 'Escalinata Baja California 03911, Ahome, COA 67480', 582, 43, 'profilePictures/eyesFB2.0.png');
INSERT INTO public.dplanapp_event (id, name, title_event, description, technical_req, duration, max_attendance, price, date_event, date_ini, date_end, status, gender_id,sub_gender_id,winner_id, site_id) VALUES(19, 'Tamaulipas dogs', 'Outdoors', 'modelo neutral Multi canal', 'Saxofón', 5, 582, 388475, '2018-03-28 12:22:33', '2018-03-28 12:22:33', '2018-03-28 03:22:33', 'O', 1, 1, NULL, 20);
INSERT INTO public.auth_user (id, password, last_login, is_superuser, username, first_name, last_name, email, is_staff, is_active, date_joined) VALUES (44,'pbkdf2_sha256$24000$2Pi6CjMjgA7D$NtEcGcuFbiuWTJSVGl+oHo2pvK6zzJTJTAd6sfQD8j4=', '2017-03-10 19:53:46.474341', true, 'Rodrigo.Santos', '', '', 'Rodrigo.Santos@contact.com', true, true, '2017-03-10 19:50:52.412073');
INSERT INTO public.dplanapp_site (id, site_name, phone, address, max_attendance, user_id, photo) VALUES (21, 'Valenzuela Valenzuela S.A.', 55 9350 3384, 'Int. 1 Prolongación Maribel 7996, Erongaricuaro, GRO 67075', 833, 44, 'profilePictures/eyesFB2.0.png');
INSERT INTO public.dplanapp_event (id, name, title_event, description, technical_req, duration, max_attendance, price, date_event, date_ini, date_end, status, gender_id,sub_gender_id,winner_id, site_id) VALUES(20, 'Zacatecas vampires', 'Electronics & Kids', 'circuito 4th generación Adaptativo', 'Piano', 3, 833, 376501, '2017-12-03 08:12:03', '2017-12-03 08:12:03', '2017-12-03 11:12:03', 'O', 2, 12, NULL, 21);
INSERT INTO public.auth_user (id, password, last_login, is_superuser, username, first_name, last_name, email, is_staff, is_active, date_joined) VALUES (45,'pbkdf2_sha256$24000$2Pi6CjMjgA7D$NtEcGcuFbiuWTJSVGl+oHo2pvK6zzJTJTAd6sfQD8j4=', '2017-03-10 19:53:46.474341', true, 'Sonia.Esquivel', '', '', 'Sonia.Esquivel@contact.com', true, true, '2017-03-10 19:50:52.412073');
INSERT INTO public.dplanapp_site (id, site_name, phone, address, max_attendance, user_id, photo) VALUES (22, 'Vidal S.A.B.', (81) 8341 8085, 'Grupo Yucatán 789 Interior ?1, Querétaro, JAL 18284', 795, 45, 'profilePictures/eyesFB2.0.png');
INSERT INTO public.dplanapp_event (id, name, title_event, description, technical_req, duration, max_attendance, price, date_event, date_ini, date_end, status, gender_id,sub_gender_id,winner_id, site_id) VALUES(21, 'Yucatán oracles', 'Sports & Toys', 'línea segura heurística Polarizado', 'Clarinete', 1, 795, 289182, '2018-04-11 07:20:31', '2018-04-11 07:20:31', '2018-04-11 10:20:31', 'O', 2, 9, NULL, 22);
INSERT INTO public.auth_user (id, password, last_login, is_superuser, username, first_name, last_name, email, is_staff, is_active, date_joined) VALUES (46,'pbkdf2_sha256$24000$2Pi6CjMjgA7D$NtEcGcuFbiuWTJSVGl+oHo2pvK6zzJTJTAd6sfQD8j4=', '2017-03-10 19:53:46.474341', true, 'Ramón.Mata', '', '', 'Ramón.Mata@contact.com', true, true, '2017-03-10 19:50:52.412073');
INSERT INTO public.dplanapp_site (id, site_name, phone, address, max_attendance, user_id, photo) VALUES (23, 'Grupo Medrano S.R.L', (81) 5975 8442, 'Subida Zacatecas 436 Planta alta, Escarcega, NAY 12549', 190, 46, 'profilePictures/eyesFB2.0.png');
INSERT INTO public.dplanapp_event (id, name, title_event, description, technical_req, duration, max_attendance, price, date_event, date_ini, date_end, status, gender_id,sub_gender_id,winner_id, site_id) VALUES(22, 'Chiapas ogres', 'Beauty, Computers & Electronics', 'inteligencia artificial 24/7 Universal', 'Xilofón', 1, 190, 185534, '2017-11-24 12:11:16', '2017-11-24 12:11:16', '2017-11-24 03:11:16', 'O', 1, 1, NULL, 23);
INSERT INTO public.auth_user (id, password, last_login, is_superuser, username, first_name, last_name, email, is_staff, is_active, date_joined) VALUES (47,'pbkdf2_sha256$24000$2Pi6CjMjgA7D$NtEcGcuFbiuWTJSVGl+oHo2pvK6zzJTJTAd6sfQD8j4=', '2017-03-10 19:53:46.474341', true, 'José.Pérez', '', '', 'José.Pérez@contact.com', true, true, '2017-03-10 19:50:52.412073');
INSERT INTO public.dplanapp_site (id, site_name, phone, address, max_attendance, user_id, photo) VALUES (24, 'Arellano S.A. de C.V.', 33 3323 8128, 'Depto. 866 Pasaje Margarita 221, Celaya, HID 61407', 931, 47, 'profilePictures/eyesFB2.0.png');
INSERT INTO public.dplanapp_event (id, name, title_event, description, technical_req, duration, max_attendance, price, date_event, date_ini, date_end, status, gender_id,sub_gender_id,winner_id, site_id) VALUES(23, 'Hidalgo fishes', 'Baby, Shoes & Sports', 'contingencia compuesto Realineado', 'Violín', 4, 931, 287012, '2017-09-16 11:57:26', '2017-09-16 11:57:26', '2017-09-17 02:57:26', 'O', 1, 4, NULL, 24);
INSERT INTO public.auth_user (id, password, last_login, is_superuser, username, first_name, last_name, email, is_staff, is_active, date_joined) VALUES (48,'pbkdf2_sha256$24000$2Pi6CjMjgA7D$NtEcGcuFbiuWTJSVGl+oHo2pvK6zzJTJTAd6sfQD8j4=', '2017-03-10 19:53:46.474341', true, 'Marco Antonio.Lira', '', '', 'Marco Antonio.Lira@contact.com', true, true, '2017-03-10 19:50:52.412073');
INSERT INTO public.dplanapp_site (id, site_name, phone, address, max_attendance, user_id, photo) VALUES (25, 'Hurtado Hurtado S.A.', 916 372 6373, 'Apartamento 36 Entrada Vicente Espinosa 581 Apartamento 35, Jalpan de Serra, JAL 71171', 238, 48, 'profilePictures/eyesFB2.0.png');
INSERT INTO public.dplanapp_event (id, name, title_event, description, technical_req, duration, max_attendance, price, date_event, date_ini, date_end, status, gender_id,sub_gender_id,winner_id, site_id) VALUES(24, 'Morelos spiders', 'Movies', 'alianza generado por la demanda Organico', 'Clarinete', 3, 238, 214798, '2017-11-30 01:32:56', '2017-11-30 01:32:56', '2017-11-30 04:32:56', 'O', 2, 9, NULL, 25);
INSERT INTO public.auth_user (id, password, last_login, is_superuser, username, first_name, last_name, email, is_staff, is_active, date_joined) VALUES (49,'pbkdf2_sha256$24000$2Pi6CjMjgA7D$NtEcGcuFbiuWTJSVGl+oHo2pvK6zzJTJTAd6sfQD8j4=', '2017-03-10 19:53:46.474341', true, 'Alfonso.Dávila', '', '', 'Alfonso.Dávila@contact.com', true, true, '2017-03-10 19:50:52.412073');
INSERT INTO public.dplanapp_site (id, site_name, phone, address, max_attendance, user_id, photo) VALUES (26, 'Salgado, Salgado y Salgado Asociados S.A. de C.V.', 932 586 1326, 'Piso 7 Avenida Colima 8443, Monte Escobedo, ZAC 86973', 791, 49, 'profilePictures/eyesFB2.0.png');
INSERT INTO public.dplanapp_event (id, name, title_event, description, technical_req, duration, max_attendance, price, date_event, date_ini, date_end, status, gender_id,sub_gender_id,winner_id, site_id) VALUES(25, 'Sinaloa nemesis', 'Music & Sports', 'encriptar radical Descentralizado', 'Xilofón', 4, 791, 347183, '2017-04-23 06:55:41', '2017-04-23 06:55:41', '2017-04-23 09:55:41', 'O', 1, 6, NULL, 26);
INSERT INTO public.auth_user (id, password, last_login, is_superuser, username, first_name, last_name, email, is_staff, is_active, date_joined) VALUES (50,'pbkdf2_sha256$24000$2Pi6CjMjgA7D$NtEcGcuFbiuWTJSVGl+oHo2pvK6zzJTJTAd6sfQD8j4=', '2017-03-10 19:53:46.474341', true, 'María de Lourdes.Madrigal', '', '', 'María de Lourdes.Madrigal@contact.com', true, true, '2017-03-10 19:50:52.412073');
INSERT INTO public.dplanapp_site (id, site_name, phone, address, max_attendance, user_id, photo) VALUES (27, 'Santana S.A.', (55) 2221 7429, 'Departamento 851 Barranco Graciela Aguirre 7 Piso 23, Dzidzantun, ZAC 20585', 577, 50, 'profilePictures/eyesFB2.0.png');
INSERT INTO public.dplanapp_event (id, name, title_event, description, technical_req, duration, max_attendance, price, date_event, date_ini, date_end, status, gender_id,sub_gender_id,winner_id, site_id) VALUES(26, 'Veracruz spirits', 'Industrial', 'protocolo nacional Extendido', 'Armónica', 3, 577, 212677, '2017-09-13 08:17:28', '2017-09-13 08:17:28', '2017-09-13 11:17:28', 'O', 2, 10, NULL, 27);
INSERT INTO public.auth_user (id, password, last_login, is_superuser, username, first_name, last_name, email, is_staff, is_active, date_joined) VALUES (51,'pbkdf2_sha256$24000$2Pi6CjMjgA7D$NtEcGcuFbiuWTJSVGl+oHo2pvK6zzJTJTAd6sfQD8j4=', '2017-03-10 19:53:46.474341', true, 'Josefina.Cárdenas', '', '', 'Josefina.Cárdenas@contact.com', true, true, '2017-03-10 19:50:52.412073');
INSERT INTO public.dplanapp_site (id, site_name, phone, address, max_attendance, user_id, photo) VALUES (28, 'Jaramillo, Jaramillo y Jaramillo Asociados S.C.', 55 1755 7374, 'Planta baja Arroyo Víctor Hugo Guerra 423 Planta alta, Panuco, OAX 56571', 143, 51, 'profilePictures/eyesFB2.0.png');
INSERT INTO public.dplanapp_event (id, name, title_event, description, technical_req, duration, max_attendance, price, date_event, date_ini, date_end, status, gender_id,sub_gender_id,winner_id, site_id) VALUES(27, 'Colima dwarves', 'Clothing & Kids', 'interfaz neutral Orígenes', 'Flauta', 3, 143, 109927, '2018-04-08 07:48:02', '2018-04-08 07:48:02', '2018-04-08 10:48:02', 'O', 1, 1, NULL, 28);
INSERT INTO public.auth_user (id, password, last_login, is_superuser, username, first_name, last_name, email, is_staff, is_active, date_joined) VALUES (52,'pbkdf2_sha256$24000$2Pi6CjMjgA7D$NtEcGcuFbiuWTJSVGl+oHo2pvK6zzJTJTAd6sfQD8j4=', '2017-03-10 19:53:46.474341', true, 'Jorge Alberto.Galindo', '', '', 'Jorge Alberto.Galindo@contact.com', true, true, '2017-03-10 19:50:52.412073');
INSERT INTO public.dplanapp_site (id, site_name, phone, address, max_attendance, user_id, photo) VALUES (29, 'Medina y Medina S.R.L', 966 206 4094, 'Salida Campeche 60, Candelaria, TAM 22135', 675, 52, 'profilePictures/eyesFB2.0.png');
INSERT INTO public.dplanapp_event (id, name, title_event, description, technical_req, duration, max_attendance, price, date_event, date_ini, date_end, status, gender_id,sub_gender_id,winner_id, site_id) VALUES(28, 'Baja California Sur bears', 'Automotive, Grocery & Movies', 'adaptador intermedia Intercambiable', 'Organo', 1, 675, 326247, '2017-11-12 06:12:41', '2017-11-12 06:12:41', '2017-11-12 09:12:41', 'O', 2, 11, NULL, 29);
INSERT INTO public.auth_user (id, password, last_login, is_superuser, username, first_name, last_name, email, is_staff, is_active, date_joined) VALUES (53,'pbkdf2_sha256$24000$2Pi6CjMjgA7D$NtEcGcuFbiuWTJSVGl+oHo2pvK6zzJTJTAd6sfQD8j4=', '2017-03-10 19:53:46.474341', true, 'Raquel.Zamora', '', '', 'Raquel.Zamora@contact.com', true, true, '2017-03-10 19:50:52.412073');
INSERT INTO public.dplanapp_site (id, site_name, phone, address, max_attendance, user_id, photo) VALUES (30, 'Arias, Arias y Arias Asociados S.C.', 81 6210 3490, '2ª Planta Arroyo Marisol S/N Int. 5, Temosachic, SLP 83519', 839, 53, 'profilePictures/eyesFB2.0.png');
INSERT INTO public.dplanapp_event (id, name, title_event, description, technical_req, duration, max_attendance, price, date_event, date_ini, date_end, status, gender_id,sub_gender_id,winner_id, site_id) VALUES(29, 'Hidalgo lycanthropes', 'Books & Games', 'acceso homogénea Opcional', 'Flauta', 4, 839, 364801, '2018-04-04 03:04:05', '2018-04-04 03:04:05', '2018-04-04 06:04:05', 'O', 2, 8, NULL, 30);
INSERT INTO public.auth_user (id, password, last_login, is_superuser, username, first_name, last_name, email, is_staff, is_active, date_joined) VALUES (54,'pbkdf2_sha256$24000$2Pi6CjMjgA7D$NtEcGcuFbiuWTJSVGl+oHo2pvK6zzJTJTAd6sfQD8j4=', '2017-03-10 19:53:46.474341', true, 'Alfredo.Gálvez', '', '', 'Alfredo.Gálvez@contact.com', true, true, '2017-03-10 19:50:52.412073');
INSERT INTO public.dplanapp_site (id, site_name, phone, address, max_attendance, user_id, photo) VALUES (31, 'de la Cruz de la Cruz S.A.', 485-217-6859, 'Int. 1 Rincón Nayarit 741, Puebla, TAM 53241', 762, 54, 'profilePictures/eyesFB2.0.png');
INSERT INTO public.dplanapp_event (id, name, title_event, description, technical_req, duration, max_attendance, price, date_event, date_ini, date_end, status, gender_id,sub_gender_id,winner_id, site_id) VALUES(30, 'Zacatecas chimeras', 'Electronics, Movies & Outdoors', 'interfaz intermedia Monitorizado', 'Organo', 5, 762, 129511, '2018-04-07 01:11:16', '2018-04-07 01:11:16', '2018-04-07 04:11:16', 'O', 2, 10, NULL, 31);
INSERT INTO public.auth_user (id, password, last_login, is_superuser, username, first_name, last_name, email, is_staff, is_active, date_joined) VALUES (55,'pbkdf2_sha256$24000$2Pi6CjMjgA7D$NtEcGcuFbiuWTJSVGl+oHo2pvK6zzJTJTAd6sfQD8j4=', '2017-03-10 19:53:46.474341', true, 'Mario.Murillo', '', '', 'Mario.Murillo@contact.com', true, true, '2017-03-10 19:50:52.412073');
INSERT INTO public.dplanapp_site (id, site_name, phone, address, max_attendance, user_id, photo) VALUES (32, 'Salgado y Salgado S.R.L', (55) 9524 1912, 'Calle Laura Peralta 8, Tapilula, SLP 81561', 522, 55, 'profilePictures/eyesFB2.0.png');
INSERT INTO public.dplanapp_event (id, name, title_event, description, technical_req, duration, max_attendance, price, date_event, date_ini, date_end, status, gender_id,sub_gender_id,winner_id, site_id) VALUES(31, 'Sinaloa elves', 'Baby, Music & Sports', 'Interfaz Gráfica nacional Robusto', 'Piano', 4, 522, 306729, '2017-05-20 01:04:28', '2017-05-20 01:04:28', '2017-05-20 04:04:28', 'O', 1, 1, NULL, 32);
INSERT INTO public.auth_user (id, password, last_login, is_superuser, username, first_name, last_name, email, is_staff, is_active, date_joined) VALUES (56,'pbkdf2_sha256$24000$2Pi6CjMjgA7D$NtEcGcuFbiuWTJSVGl+oHo2pvK6zzJTJTAd6sfQD8j4=', '2017-03-10 19:53:46.474341', true, 'Raymundo.García', '', '', 'Raymundo.García@contact.com', true, true, '2017-03-10 19:50:52.412073');
INSERT INTO public.dplanapp_site (id, site_name, phone, address, max_attendance, user_id, photo) VALUES (33, 'Cisneros Cisneros S.A. de C.V.', 33 9614 3548, 'Interior ?4 Parque Jonuta 0067 Piso 52, Chimalhuacán, PUE 92373', 567, 56, 'profilePictures/eyesFB2.0.png');
INSERT INTO public.dplanapp_event (id, name, title_event, description, technical_req, duration, max_attendance, price, date_event, date_ini, date_end, status, gender_id,sub_gender_id,winner_id, site_id) VALUES(32, 'Sinaloa vixens', 'Games & Grocery', 'habilidad bidireccional Proactivo', 'Bajo', 1, 567, 287524, '2018-01-29 03:16:17', '2018-01-29 03:16:17', '2018-01-29 06:16:17', 'O', 2, 12, NULL, 33);
INSERT INTO public.auth_user (id, password, last_login, is_superuser, username, first_name, last_name, email, is_staff, is_active, date_joined) VALUES (57,'pbkdf2_sha256$24000$2Pi6CjMjgA7D$NtEcGcuFbiuWTJSVGl+oHo2pvK6zzJTJTAd6sfQD8j4=', '2017-03-10 19:53:46.474341', true, 'Vicente.Nieto', '', '', 'Vicente.Nieto@contact.com', true, true, '2017-03-10 19:50:52.412073');
INSERT INTO public.dplanapp_site (id, site_name, phone, address, max_attendance, user_id, photo) VALUES (34, 'Franco S.A.B.', 81-6244-1389, 'Piso 1 Vía Lorenzo Montiel 99 6ª Planta, Saltillo, DIF 13564', 377, 57, 'profilePictures/eyesFB2.0.png');
INSERT INTO public.dplanapp_event (id, name, title_event, description, technical_req, duration, max_attendance, price, date_event, date_ini, date_end, status, gender_id,sub_gender_id,winner_id, site_id) VALUES(33, 'Zacatecas ogres', 'Clothing, Home & Shoes', 'extranet holística Compartible', 'Guitarra Acústica', 6, 377, 453961, '2017-10-04 06:01:47', '2017-10-04 06:01:47', '2017-10-04 09:01:47', 'O', 2, 8, NULL, 34);
INSERT INTO public.auth_user (id, password, last_login, is_superuser, username, first_name, last_name, email, is_staff, is_active, date_joined) VALUES (58,'pbkdf2_sha256$24000$2Pi6CjMjgA7D$NtEcGcuFbiuWTJSVGl+oHo2pvK6zzJTJTAd6sfQD8j4=', '2017-03-10 19:53:46.474341', true, 'Antonia.Valencia', '', '', 'Antonia.Valencia@contact.com', true, true, '2017-03-10 19:50:52.412073');
INSERT INTO public.dplanapp_site (id, site_name, phone, address, max_attendance, user_id, photo) VALUES (35, 'Cuevas S.C.', 996-259-4977, 'Barranco Pedro Ocampo 4068, Mazatlan, DIF 20883', 530, 58, 'profilePictures/eyesFB2.0.png');
INSERT INTO public.dplanapp_event (id, name, title_event, description, technical_req, duration, max_attendance, price, date_event, date_ini, date_end, status, gender_id,sub_gender_id,winner_id, site_id) VALUES(34, 'Sonora elves', 'Jewelry', 'enfoque tiempo real Persistente', 'Saxofón', 4, 530, 441541, '2017-09-24 05:17:23', '2017-09-24 05:17:23', '2017-09-24 08:17:23', 'O', 2, 10, NULL, 35);
INSERT INTO public.auth_user (id, password, last_login, is_superuser, username, first_name, last_name, email, is_staff, is_active, date_joined) VALUES (59,'pbkdf2_sha256$24000$2Pi6CjMjgA7D$NtEcGcuFbiuWTJSVGl+oHo2pvK6zzJTJTAd6sfQD8j4=', '2017-03-10 19:53:46.474341', true, 'Ricardo.Santillán', '', '', 'Ricardo.Santillán@contact.com', true, true, '2017-03-10 19:50:52.412073');
INSERT INTO public.dplanapp_site (id, site_name, phone, address, max_attendance, user_id, photo) VALUES (36, 'Espinosa y Espinosa S.A.', 81 0813 7945, 'Planta alta Carretera Minatitlán 1003 Interior ?0, Huimilpan, DIF 31394', 892, 59, 'profilePictures/eyesFB2.0.png');
INSERT INTO public.dplanapp_event (id, name, title_event, description, technical_req, duration, max_attendance, price, date_event, date_ini, date_end, status, gender_id,sub_gender_id,winner_id, site_id) VALUES(35, 'Chihuahua fishes', 'Outdoors', 'enfoque óptima Gestionado', 'Organo', 3, 892, 495690, '2018-04-29 02:46:54', '2018-04-29 02:46:54', '2018-04-29 05:46:54', 'O', 2, 11, NULL, 36);
INSERT INTO public.auth_user (id, password, last_login, is_superuser, username, first_name, last_name, email, is_staff, is_active, date_joined) VALUES (60,'pbkdf2_sha256$24000$2Pi6CjMjgA7D$NtEcGcuFbiuWTJSVGl+oHo2pvK6zzJTJTAd6sfQD8j4=', '2017-03-10 19:53:46.474341', true, 'Marisol.Ayala', '', '', 'Marisol.Ayala@contact.com', true, true, '2017-03-10 19:50:52.412073');
INSERT INTO public.dplanapp_site (id, site_name, phone, address, max_attendance, user_id, photo) VALUES (37, 'Fondo Valdez S.A. de C.V.', (33) 2606 3380, 'Entrada Lilia Campos 322, Tamazunchale, MEX 91836', 626, 60, 'profilePictures/eyesFB2.0.png');
INSERT INTO public.dplanapp_event (id, name, title_event, description, technical_req, duration, max_attendance, price, date_event, date_ini, date_end, status, gender_id,sub_gender_id,winner_id, site_id) VALUES(36, 'Tamaulipas pigs', 'Outdoors, Shoes & Tools', 'red de area local regional Virtual', 'Violonchelo', 3, 626, 96119, '2017-09-14 04:39:27', '2017-09-14 04:39:27', '2017-09-14 07:39:27', 'O', 2, 11, NULL, 37);
INSERT INTO public.auth_user (id, password, last_login, is_superuser, username, first_name, last_name, email, is_staff, is_active, date_joined) VALUES (61,'pbkdf2_sha256$24000$2Pi6CjMjgA7D$NtEcGcuFbiuWTJSVGl+oHo2pvK6zzJTJTAd6sfQD8j4=', '2017-03-10 19:53:46.474341', true, 'Celia.Mendoza', '', '', 'Celia.Mendoza@contact.com', true, true, '2017-03-10 19:50:52.412073');
INSERT INTO public.dplanapp_site (id, site_name, phone, address, max_attendance, user_id, photo) VALUES (38, 'Franco S.C.', (55) 9216 9874, '5ª Planta Glorieta Armando Bernal S/N Departamento 850, Camargo, CHH 92167', 346, 61, 'profilePictures/eyesFB2.0.png');
INSERT INTO public.dplanapp_event (id, name, title_event, description, technical_req, duration, max_attendance, price, date_event, date_ini, date_end, status, gender_id,sub_gender_id,winner_id, site_id) VALUES(37, 'Oaxaca prophets', 'Baby & Health', 'middleware heurística Re-implementado', 'Arpa', 6, 346, 225362, '2018-02-07 12:39:16', '2018-02-07 12:39:16', '2018-02-07 03:39:16', 'O', 2, 11, NULL, 38);
INSERT INTO public.auth_user (id, password, last_login, is_superuser, username, first_name, last_name, email, is_staff, is_active, date_joined) VALUES (62,'pbkdf2_sha256$24000$2Pi6CjMjgA7D$NtEcGcuFbiuWTJSVGl+oHo2pvK6zzJTJTAd6sfQD8j4=', '2017-03-10 19:53:46.474341', true, 'Cristina.Medrano', '', '', 'Cristina.Medrano@contact.com', true, true, '2017-03-10 19:50:52.412073');
INSERT INTO public.dplanapp_site (id, site_name, phone, address, max_attendance, user_id, photo) VALUES (39, 'Mondragón S.A.', 659 597 2798, 'Departamento 112 Mercado María Elena Arriaga 55 Piso 10, Huejucar, SLP 39016', 318, 62, 'profilePictures/eyesFB2.0.png');
INSERT INTO public.dplanapp_event (id, name, title_event, description, technical_req, duration, max_attendance, price, date_event, date_ini, date_end, status, gender_id,sub_gender_id,winner_id, site_id) VALUES(38, 'Ciudad de México black cats', 'Games & Outdoors', 'fidelidad 5th generación Multi lateral', 'Saxofón', 2, 318, 158767, '2017-12-28 04:12:26', '2017-12-28 04:12:26', '2017-12-28 07:12:26', 'O', 1, 4, NULL, 39);
INSERT INTO public.auth_user (id, password, last_login, is_superuser, username, first_name, last_name, email, is_staff, is_active, date_joined) VALUES (63,'pbkdf2_sha256$24000$2Pi6CjMjgA7D$NtEcGcuFbiuWTJSVGl+oHo2pvK6zzJTJTAd6sfQD8j4=', '2017-03-10 19:53:46.474341', true, 'Abel.Gallardo', '', '', 'Abel.Gallardo@contact.com', true, true, '2017-03-10 19:50:52.412073');
INSERT INTO public.dplanapp_site (id, site_name, phone, address, max_attendance, user_id, photo) VALUES (40, 'Zamudio, Zamudio y Zamudio Asociados S.A. de C.V.', 55-4454-9559, 'Piso 2 Avenida Guanajuato 95, Tocumbo, TAB 86297', 516, 63, 'profilePictures/eyesFB2.0.png');
INSERT INTO public.dplanapp_event (id, name, title_event, description, technical_req, duration, max_attendance, price, date_event, date_ini, date_end, status, gender_id,sub_gender_id,winner_id, site_id) VALUES(39, 'México gooses', 'Electronics', 'medición no-volátil Para toda la empresa', 'Acordión', 1, 516, 429548, '2018-01-09 11:25:18', '2018-01-09 11:25:18', '2018-01-09 02:25:18', 'O', 1, 4, NULL, 40);
INSERT INTO public.auth_user (id, password, last_login, is_superuser, username, first_name, last_name, email, is_staff, is_active, date_joined) VALUES (64,'pbkdf2_sha256$24000$2Pi6CjMjgA7D$NtEcGcuFbiuWTJSVGl+oHo2pvK6zzJTJTAd6sfQD8j4=', '2017-03-10 19:53:46.474341', true, 'Adrián.Camacho', '', '', 'Adrián.Camacho@contact.com', true, true, '2017-03-10 19:50:52.412073');
INSERT INTO public.dplanapp_site (id, site_name, phone, address, max_attendance, user_id, photo) VALUES (41, 'Pineda Pineda S.A.B.', 55 6461 5576, 'Salida Jorge Alberto 2521 Planta baja, Loreto, VER 09489', 259, 64, 'profilePictures/eyesFB2.0.png');
INSERT INTO public.dplanapp_event (id, name, title_event, description, technical_req, duration, max_attendance, price, date_event, date_ini, date_end, status, gender_id,sub_gender_id,winner_id, site_id) VALUES(40, 'Durango ghosts', 'Clothing & Jewelry', 'aplicación basado en contenido Reducido', 'Xilofón', 2, 259, 317565, '2017-10-30 06:41:10', '2017-10-30 06:41:10', '2017-10-30 09:41:10', 'O', 1, 3, NULL, 41);
INSERT INTO public.auth_user (id, password, last_login, is_superuser, username, first_name, last_name, email, is_staff, is_active, date_joined) VALUES (65,'pbkdf2_sha256$24000$2Pi6CjMjgA7D$NtEcGcuFbiuWTJSVGl+oHo2pvK6zzJTJTAd6sfQD8j4=', '2017-03-10 19:53:46.474341', true, 'Rodrigo.Piña', '', '', 'Rodrigo.Piña@contact.com', true, true, '2017-03-10 19:50:52.412073');
INSERT INTO public.dplanapp_site (id, site_name, phone, address, max_attendance, user_id, photo) VALUES (42, 'Guerra S.A. de C.V.', (321) 870 0361, 'Prolongación Guerrero 67278 Piso 6, Jiutepec, TAM 77920', 411, 65, 'profilePictures/eyesFB2.0.png');
INSERT INTO public.dplanapp_event (id, name, title_event, description, technical_req, duration, max_attendance, price, date_event, date_ini, date_end, status, gender_id,sub_gender_id,winner_id, site_id) VALUES(41, 'Durango gnomes', 'Beauty, Shoes & Sports', 'firmware transicional Reactivo', 'Ukelele', 1, 411, 395959, '2017-05-01 09:54:16', '2017-05-01 09:54:16', '2017-05-01 12:54:16', 'O', 1, 3, NULL, 42);
INSERT INTO public.auth_user (id, password, last_login, is_superuser, username, first_name, last_name, email, is_staff, is_active, date_joined) VALUES (66,'pbkdf2_sha256$24000$2Pi6CjMjgA7D$NtEcGcuFbiuWTJSVGl+oHo2pvK6zzJTJTAd6sfQD8j4=', '2017-03-10 19:53:46.474341', true, 'Juan Carlos.Vásquez', '', '', 'Juan Carlos.Vásquez@contact.com', true, true, '2017-03-10 19:50:52.412073');
INSERT INTO public.dplanapp_site (id, site_name, phone, address, max_attendance, user_id, photo) VALUES (43, 'Santillán S.A.B.', (81) 5062 5164, 'Interior 553 Manzana Querétaro 44431, Xalapa, DIF 49861', 602, 66, 'profilePictures/eyesFB2.0.png');
INSERT INTO public.dplanapp_event (id, name, title_event, description, technical_req, duration, max_attendance, price, date_event, date_ini, date_end, status, gender_id,sub_gender_id,winner_id, site_id) VALUES(42, 'Tlaxcala vampires', 'Baby, Computers & Industrial', 'codificar recíproca Cara a cara', 'Trompeta', 5, 602, 430525, '2017-05-27 11:51:47', '2017-05-27 11:51:47', '2017-05-27 02:51:47', 'O', 2, 8, NULL, 43);
INSERT INTO public.auth_user (id, password, last_login, is_superuser, username, first_name, last_name, email, is_staff, is_active, date_joined) VALUES (67,'pbkdf2_sha256$24000$2Pi6CjMjgA7D$NtEcGcuFbiuWTJSVGl+oHo2pvK6zzJTJTAd6sfQD8j4=', '2017-03-10 19:53:46.474341', true, 'Vicente.Bonilla', '', '', 'Vicente.Bonilla@contact.com', true, true, '2017-03-10 19:50:52.412073');
INSERT INTO public.dplanapp_site (id, site_name, phone, address, max_attendance, user_id, photo) VALUES (44, 'Zepeda y Zepeda S.A.', (614) 055 8714, 'Planta alta Escalinata Ahuacuotzingo 98 Departamento 632, Teocaltiche, OAX 01252', 978, 67, 'profilePictures/eyesFB2.0.png');
INSERT INTO public.dplanapp_event (id, name, title_event, description, technical_req, duration, max_attendance, price, date_event, date_ini, date_end, status, gender_id,sub_gender_id,winner_id, site_id) VALUES(43, 'Oaxaca ants', 'Beauty', 'base de datos regional Asimilado', 'Ukelele', 1, 978, 134586, '2017-08-30 02:26:34', '2017-08-30 02:26:34', '2017-08-30 05:26:34', 'O', 1, 3, NULL, 44);
INSERT INTO public.auth_user (id, password, last_login, is_superuser, username, first_name, last_name, email, is_staff, is_active, date_joined) VALUES (68,'pbkdf2_sha256$24000$2Pi6CjMjgA7D$NtEcGcuFbiuWTJSVGl+oHo2pvK6zzJTJTAd6sfQD8j4=', '2017-03-10 19:53:46.474341', true, 'Esther.de los Santos', '', '', 'Esther.de los Santos@contact.com', true, true, '2017-03-10 19:50:52.412073');
INSERT INTO public.dplanapp_site (id, site_name, phone, address, max_attendance, user_id, photo) VALUES (45, 'Torres y Torres S.R.L', (623) 533 4366, 'Salida David 609 Piso 30, Tenosique, NLE 54272', 953, 68, 'profilePictures/eyesFB2.0.png');
INSERT INTO public.dplanapp_event (id, name, title_event, description, technical_req, duration, max_attendance, price, date_event, date_ini, date_end, status, gender_id,sub_gender_id,winner_id, site_id) VALUES(44, 'Michoacán spirits', 'Automotive', 'metodologías homogénea Realineado', 'Violín', 2, 953, 437018, '2017-07-27 04:44:23', '2017-07-27 04:44:23', '2017-07-27 07:44:23', 'O', 1, 5, NULL, 45);
INSERT INTO public.auth_user (id, password, last_login, is_superuser, username, first_name, last_name, email, is_staff, is_active, date_joined) VALUES (69,'pbkdf2_sha256$24000$2Pi6CjMjgA7D$NtEcGcuFbiuWTJSVGl+oHo2pvK6zzJTJTAd6sfQD8j4=', '2017-03-10 19:53:46.474341', true, 'Margarita.Godínez', '', '', 'Margarita.Godínez@contact.com', true, true, '2017-03-10 19:50:52.412073');
INSERT INTO public.dplanapp_site (id, site_name, phone, address, max_attendance, user_id, photo) VALUES (46, 'Grupo Escamilla S.A. de C.V.', 842 670 2164, 'Piso 4 Mercado Ciudad de México 01, Mazatlán, NLE 08151', 434, 69, 'profilePictures/eyesFB2.0.png');
INSERT INTO public.dplanapp_event (id, name, title_event, description, technical_req, duration, max_attendance, price, date_event, date_ini, date_end, status, gender_id,sub_gender_id,winner_id, site_id) VALUES(45, 'Morelos ants', 'Computers', 'jerarquía recíproca Organico', 'Acordión', 2, 434, 281813, '2017-10-19 04:04:14', '2017-10-19 04:04:14', '2017-10-19 07:04:14', 'O', 1, 1, NULL, 46);
INSERT INTO public.auth_user (id, password, last_login, is_superuser, username, first_name, last_name, email, is_staff, is_active, date_joined) VALUES (70,'pbkdf2_sha256$24000$2Pi6CjMjgA7D$NtEcGcuFbiuWTJSVGl+oHo2pvK6zzJTJTAd6sfQD8j4=', '2017-03-10 19:53:46.474341', true, 'Alfonso.González', '', '', 'Alfonso.González@contact.com', true, true, '2017-03-10 19:50:52.412073');
INSERT INTO public.dplanapp_site (id, site_name, phone, address, max_attendance, user_id, photo) VALUES (47, 'Grupo Yáñez S.A. de C.V.', 294 785 3115, 'Quinta Guadalupe 412 Int. 0, Tecamac, DIF 95792', 415, 70, 'profilePictures/eyesFB2.0.png');
INSERT INTO public.dplanapp_event (id, name, title_event, description, technical_req, duration, max_attendance, price, date_event, date_ini, date_end, status, gender_id,sub_gender_id,winner_id, site_id) VALUES(46, 'Chiapas worshipers', 'Automotive, Games & Garden', 'sinergia discreta Ergonomico', 'Xilofón', 5, 415, 68141, '2017-07-02 11:04:24', '2017-07-02 11:04:24', '2017-07-03 02:04:24', 'O', 1, 2, NULL, 47);
INSERT INTO public.auth_user (id, password, last_login, is_superuser, username, first_name, last_name, email, is_staff, is_active, date_joined) VALUES (71,'pbkdf2_sha256$24000$2Pi6CjMjgA7D$NtEcGcuFbiuWTJSVGl+oHo2pvK6zzJTJTAd6sfQD8j4=', '2017-03-10 19:53:46.474341', true, 'Alejandro.Montiel', '', '', 'Alejandro.Montiel@contact.com', true, true, '2017-03-10 19:50:52.412073');
INSERT INTO public.dplanapp_site (id, site_name, phone, address, max_attendance, user_id, photo) VALUES (48, 'Fondo Rosas S.A.', 55-5744-4073, 'Pasaje Baja California 9575 Apartamento 78, Villa del Carbón, BCS 80323', 332, 71, 'profilePictures/eyesFB2.0.png');
INSERT INTO public.dplanapp_event (id, name, title_event, description, technical_req, duration, max_attendance, price, date_event, date_ini, date_end, status, gender_id,sub_gender_id,winner_id, site_id) VALUES(47, 'Puebla goats', 'Grocery', 'estructura misión crítica Inverso', 'Armónica', 4, 332, 340724, '2017-10-18 08:51:18', '2017-10-18 08:51:18', '2017-10-18 11:51:18', 'O', 2, 9, NULL, 48);
INSERT INTO public.auth_user (id, password, last_login, is_superuser, username, first_name, last_name, email, is_staff, is_active, date_joined) VALUES (72,'pbkdf2_sha256$24000$2Pi6CjMjgA7D$NtEcGcuFbiuWTJSVGl+oHo2pvK6zzJTJTAd6sfQD8j4=', '2017-03-10 19:53:46.474341', true, 'Israel.Zaragoza', '', '', 'Israel.Zaragoza@contact.com', true, true, '2017-03-10 19:50:52.412073');
INSERT INTO public.dplanapp_site (id, site_name, phone, address, max_attendance, user_id, photo) VALUES (49, 'Colegio Sierra S.A.B.', 933 403 3168, 'Depto. 677 Camino Maricela 905 Depto. 580, Ensenada, OAX 08468', 217, 72, 'profilePictures/eyesFB2.0.png');
INSERT INTO public.dplanapp_event (id, name, title_event, description, technical_req, duration, max_attendance, price, date_event, date_ini, date_end, status, gender_id,sub_gender_id,winner_id, site_id) VALUES(48, 'Colima bats', 'Books & Shoes', 'acceso uniforme Expandido', 'Clarinete', 4, 217, 391435, '2017-07-09 02:25:35', '2017-07-09 02:25:35', '2017-07-09 05:25:35', 'O', 1, 3, NULL, 49);
INSERT INTO public.auth_user (id, password, last_login, is_superuser, username, first_name, last_name, email, is_staff, is_active, date_joined) VALUES (73,'pbkdf2_sha256$24000$2Pi6CjMjgA7D$NtEcGcuFbiuWTJSVGl+oHo2pvK6zzJTJTAd6sfQD8j4=', '2017-03-10 19:53:46.474341', true, 'Celia.Ocampo', '', '', 'Celia.Ocampo@contact.com', true, true, '2017-03-10 19:50:52.412073');
INSERT INTO public.dplanapp_site (id, site_name, phone, address, max_attendance, user_id, photo) VALUES (50, 'Tapia, Tapia y Tapia Asociados S.A.B.', 81-7903-1087, 'Avenida María de Lourdes Zúñiga 7071, Bacadehuachi, HID 27939', 759, 73, 'profilePictures/eyesFB2.0.png');
INSERT INTO public.dplanapp_event (id, name, title_event, description, technical_req, duration, max_attendance, price, date_event, date_ini, date_end, status, gender_id,sub_gender_id,winner_id, site_id) VALUES(49, 'Tabasco horses', 'Movies', 'colaboración incremental Horizontal', 'Bateria', 5, 759, 203058, '2018-01-17 03:26:05', '2018-01-17 03:26:05', '2018-01-17 06:26:05', 'O', 1, 4, NULL, 50);
INSERT INTO public.auth_user (id, password, last_login, is_superuser, username, first_name, last_name, email, is_staff, is_active, date_joined) VALUES (74,'pbkdf2_sha256$24000$2Pi6CjMjgA7D$NtEcGcuFbiuWTJSVGl+oHo2pvK6zzJTJTAd6sfQD8j4=', '2017-03-10 19:53:46.474341', true, 'Rogelio.Castillo', '', '', 'Rogelio.Castillo@contact.com', true, true, '2017-03-10 19:50:52.412073');
INSERT INTO public.dplanapp_site (id, site_name, phone, address, max_attendance, user_id, photo) VALUES (51, 'Duarte Duarte S.A.B.', 473 555 7696, 'Barranco Michoacán 02, Hecelchakan, NAY 26664', 574, 74, 'profilePictures/eyesFB2.0.png');
INSERT INTO public.dplanapp_event (id, name, title_event, description, technical_req, duration, max_attendance, price, date_event, date_ini, date_end, status, gender_id,sub_gender_id,winner_id, site_id) VALUES(50, 'Nayarit people', 'Kids & Sports', 'estrategia vía web Intuitivo', 'Xilofón', 1, 574, 482250, '2018-04-01 09:13:28', '2018-04-01 09:13:28', '2018-04-02 12:13:28', 'O', 2, 9, NULL, 51);
INSERT INTO public.auth_user (id, password, last_login, is_superuser, username, first_name, last_name, email, is_staff, is_active, date_joined) VALUES (75,'pbkdf2_sha256$24000$2Pi6CjMjgA7D$NtEcGcuFbiuWTJSVGl+oHo2pvK6zzJTJTAd6sfQD8j4=', '2017-03-10 19:53:46.474341', true, 'Rocío.Cortez', '', '', 'Rocío.Cortez@contact.com', true, true, '2017-03-10 19:50:52.412073');
INSERT INTO public.dplanapp_site (id, site_name, phone, address, max_attendance, user_id, photo) VALUES (52, 'Báez y Báez S.R.L', 713-518-3185, 'Paseo Félix 7 3ª Planta, Xico, GUA 45714', 202, 75, 'profilePictures/eyesFB2.0.png');
INSERT INTO public.dplanapp_event (id, name, title_event, description, technical_req, duration, max_attendance, price, date_event, date_ini, date_end, status, gender_id,sub_gender_id,winner_id, site_id) VALUES(51, 'Ciudad de México druids', 'Baby & Computers', 'modelo homogénea Open-source', 'Violín', 6, 202, 282988, '2018-02-15 05:14:14', '2018-02-15 05:14:14', '2018-02-15 08:14:14', 'O', 1, 1, NULL, 52);
INSERT INTO public.auth_user (id, password, last_login, is_superuser, username, first_name, last_name, email, is_staff, is_active, date_joined) VALUES (76,'pbkdf2_sha256$24000$2Pi6CjMjgA7D$NtEcGcuFbiuWTJSVGl+oHo2pvK6zzJTJTAd6sfQD8j4=', '2017-03-10 19:53:46.474341', true, 'Ana María.Martínez', '', '', 'Ana María.Martínez@contact.com', true, true, '2017-03-10 19:50:52.412073');
INSERT INTO public.dplanapp_site (id, site_name, phone, address, max_attendance, user_id, photo) VALUES (53, 'Zepeda, Zepeda y Zepeda Asociados S.R.L', (377) 879 3613, 'Camino Alfonso 835 Piso 4, Tecuala, CHH 20009', 639, 76, 'profilePictures/eyesFB2.0.png');
INSERT INTO public.dplanapp_event (id, name, title_event, description, technical_req, duration, max_attendance, price, date_event, date_ini, date_end, status, gender_id,sub_gender_id,winner_id, site_id) VALUES(52, 'Guanajuato birds', 'Books, Games & Kids', 'contingencia generada por el cliente Enfocado', 'Xilofón', 1, 639, 344026, '2017-05-28 06:18:08', '2017-05-28 06:18:08', '2017-05-28 09:18:08', 'O', 1, 3, NULL, 53);
INSERT INTO public.auth_user (id, password, last_login, is_superuser, username, first_name, last_name, email, is_staff, is_active, date_joined) VALUES (77,'pbkdf2_sha256$24000$2Pi6CjMjgA7D$NtEcGcuFbiuWTJSVGl+oHo2pvK6zzJTJTAd6sfQD8j4=', '2017-03-10 19:53:46.474341', true, 'Mario.Murillo', '', '', 'Mario.Murillo@contact.com', true, true, '2017-03-10 19:50:52.412073');
INSERT INTO public.dplanapp_site (id, site_name, phone, address, max_attendance, user_id, photo) VALUES (54, 'Cisneros S.A. de C.V.', 774-983-5212, 'Rincón Tamazunchale 63 Interior 486, San Miguel Yotao, YUC 42565', 705, 77, 'profilePictures/eyesFB2.0.png');
INSERT INTO public.dplanapp_event (id, name, title_event, description, technical_req, duration, max_attendance, price, date_event, date_ini, date_end, status, gender_id,sub_gender_id,winner_id, site_id) VALUES(53, 'Guanajuato ducks', 'Toys', 'arquitectura abierta nueva generación Clonado', 'Saxofón', 2, 705, 316253, '2017-12-26 09:31:34', '2017-12-26 09:31:34', '2017-12-26 12:31:34', 'O', 2, 11, NULL, 54);
INSERT INTO public.auth_user (id, password, last_login, is_superuser, username, first_name, last_name, email, is_staff, is_active, date_joined) VALUES (78,'pbkdf2_sha256$24000$2Pi6CjMjgA7D$NtEcGcuFbiuWTJSVGl+oHo2pvK6zzJTJTAd6sfQD8j4=', '2017-03-10 19:53:46.474341', true, 'Rocío.Bernal', '', '', 'Rocío.Bernal@contact.com', true, true, '2017-03-10 19:50:52.412073');
INSERT INTO public.dplanapp_site (id, site_name, phone, address, max_attendance, user_id, photo) VALUES (55, 'Núñez S.A.', 33-0529-4933, 'Prolongación Yolanda 9, Oxkutzcab, BCS 46824', 849, 78, 'profilePictures/eyesFB2.0.png');
INSERT INTO public.dplanapp_event (id, name, title_event, description, technical_req, duration, max_attendance, price, date_event, date_ini, date_end, status, gender_id,sub_gender_id,winner_id, site_id) VALUES(54, 'Guanajuato oracles', 'Jewelry & Movies', 'array 4th generación Optimizado', 'Guitarra Eléctrica', 5, 849, 333031, '2018-02-06 01:57:03', '2018-02-06 01:57:03', '2018-02-06 04:57:03', 'O', 1, 1, NULL, 55);
INSERT INTO public.auth_user (id, password, last_login, is_superuser, username, first_name, last_name, email, is_staff, is_active, date_joined) VALUES (79,'pbkdf2_sha256$24000$2Pi6CjMjgA7D$NtEcGcuFbiuWTJSVGl+oHo2pvK6zzJTJTAd6sfQD8j4=', '2017-03-10 19:53:46.474341', true, 'Luz María.Aguilera', '', '', 'Luz María.Aguilera@contact.com', true, true, '2017-03-10 19:50:52.412073');
INSERT INTO public.dplanapp_site (id, site_name, phone, address, max_attendance, user_id, photo) VALUES (56, 'Rosales Rosales S.R.L', 55 8731 5556, 'Salida Jorge Luis Paredes S/N, Miquihuana, BCS 33470', 768, 79, 'profilePictures/eyesFB2.0.png');
INSERT INTO public.dplanapp_event (id, name, title_event, description, technical_req, duration, max_attendance, price, date_event, date_ini, date_end, status, gender_id,sub_gender_id,winner_id, site_id) VALUES(55, 'Aguascalientes enchanters', 'Automotive & Industrial', 'conjunto de instrucciones orientado a objetos Amigable', 'Acordión', 4, 768, 87286, '2017-06-16 11:34:32', '2017-06-16 11:34:32', '2017-06-17 02:34:32', 'O', 2, 9, NULL, 56);
INSERT INTO public.auth_user (id, password, last_login, is_superuser, username, first_name, last_name, email, is_staff, is_active, date_joined) VALUES (80,'pbkdf2_sha256$24000$2Pi6CjMjgA7D$NtEcGcuFbiuWTJSVGl+oHo2pvK6zzJTJTAd6sfQD8j4=', '2017-03-10 19:53:46.474341', true, 'Angélica.Vera', '', '', 'Angélica.Vera@contact.com', true, true, '2017-03-10 19:50:52.412073');
INSERT INTO public.dplanapp_site (id, site_name, phone, address, max_attendance, user_id, photo) VALUES (57, 'Salas y Salas S.A.B.', (864) 547 3882, '7ª Planta Bajada Rubén 13 Piso 1, Durango, YUC 75866', 195, 80, 'profilePictures/eyesFB2.0.png');
INSERT INTO public.dplanapp_event (id, name, title_event, description, technical_req, duration, max_attendance, price, date_event, date_ini, date_end, status, gender_id,sub_gender_id,winner_id, site_id) VALUES(56, 'Sinaloa tigers', 'Baby, Kids & Movies', 'moderador global Actualizable', 'Trompeta', 5, 195, 214935, '2018-01-26 06:17:21', '2018-01-26 06:17:21', '2018-01-26 09:17:21', 'O', 2, 11, NULL, 57);
INSERT INTO public.auth_user (id, password, last_login, is_superuser, username, first_name, last_name, email, is_staff, is_active, date_joined) VALUES (81,'pbkdf2_sha256$24000$2Pi6CjMjgA7D$NtEcGcuFbiuWTJSVGl+oHo2pvK6zzJTJTAd6sfQD8j4=', '2017-03-10 19:53:46.474341', true, 'Irma.Rubio', '', '', 'Irma.Rubio@contact.com', true, true, '2017-03-10 19:50:52.412073');
INSERT INTO public.dplanapp_site (id, site_name, phone, address, max_attendance, user_id, photo) VALUES (58, 'Guerra S.A. de C.V.', (33) 6901 2710, 'Privada Esperanza Guevara 50264, Tapilula, QUE 73154', 609, 81, 'profilePictures/eyesFB2.0.png');
INSERT INTO public.dplanapp_event (id, name, title_event, description, technical_req, duration, max_attendance, price, date_event, date_ini, date_end, status, gender_id,sub_gender_id,winner_id, site_id) VALUES(57, 'Quintana Roo worshipers', 'Shoes', 'monitorizar 5th generación Distribuido', 'Ukelele', 2, 609, 326712, '2018-04-01 08:52:16', '2018-04-01 08:52:16', '2018-04-01 11:52:16', 'O', 1, 1, NULL, 58);
INSERT INTO public.auth_user (id, password, last_login, is_superuser, username, first_name, last_name, email, is_staff, is_active, date_joined) VALUES (82,'pbkdf2_sha256$24000$2Pi6CjMjgA7D$NtEcGcuFbiuWTJSVGl+oHo2pvK6zzJTJTAd6sfQD8j4=', '2017-03-10 19:53:46.474341', true, 'Moisés.Treviño', '', '', 'Moisés.Treviño@contact.com', true, true, '2017-03-10 19:50:52.412073');
INSERT INTO public.dplanapp_site (id, site_name, phone, address, max_attendance, user_id, photo) VALUES (59, 'Rivas, Rivas y Rivas Asociados S.A.B.', (756) 344 7993, 'Interior 340 Plaza Juan Carlos 630 Interior 071, Aquila, TAB 73360', 881, 82, 'profilePictures/eyesFB2.0.png');
INSERT INTO public.dplanapp_event (id, name, title_event, description, technical_req, duration, max_attendance, price, date_event, date_ini, date_end, status, gender_id,sub_gender_id,winner_id, site_id) VALUES(58, 'Tamaulipas griffins', 'Outdoors', 'emulación ejecutiva Virtual', 'Organo', 2, 881, 122921, '2017-06-03 07:05:00', '2017-06-03 07:05:00', '2017-06-03 10:05:00', 'O', 2, 10, NULL, 59);
INSERT INTO public.auth_user (id, password, last_login, is_superuser, username, first_name, last_name, email, is_staff, is_active, date_joined) VALUES (83,'pbkdf2_sha256$24000$2Pi6CjMjgA7D$NtEcGcuFbiuWTJSVGl+oHo2pvK6zzJTJTAd6sfQD8j4=', '2017-03-10 19:53:46.474341', true, 'Marco Antonio.Garza', '', '', 'Marco Antonio.Garza@contact.com', true, true, '2017-03-10 19:50:52.412073');
INSERT INTO public.dplanapp_site (id, site_name, phone, address, max_attendance, user_id, photo) VALUES (60, 'Cárdenas, Cárdenas y Cárdenas Asociados S.R.L', (953) 111 0775, 'Mercado Mario Alberto 17148 Planta alta, Melchor Ocampo, JAL 19805', 254, 83, 'profilePictures/eyesFB2.0.png');
INSERT INTO public.dplanapp_event (id, name, title_event, description, technical_req, duration, max_attendance, price, date_event, date_ini, date_end, status, gender_id,sub_gender_id,winner_id, site_id) VALUES(59, 'Nayarit conspirators', 'Garden & Movies', 'protocolo estatica Pre-emptivo', 'Xilofón', 2, 254, 302954, '2017-11-28 03:55:08', '2017-11-28 03:55:08', '2017-11-28 06:55:08', 'O', 1, 5, NULL, 60);
INSERT INTO public.auth_user (id, password, last_login, is_superuser, username, first_name, last_name, email, is_staff, is_active, date_joined) VALUES (84,'pbkdf2_sha256$24000$2Pi6CjMjgA7D$NtEcGcuFbiuWTJSVGl+oHo2pvK6zzJTJTAd6sfQD8j4=', '2017-03-10 19:53:46.474341', true, 'Gilberto.Rico', '', '', 'Gilberto.Rico@contact.com', true, true, '2017-03-10 19:50:52.412073');
INSERT INTO public.dplanapp_site (id, site_name, phone, address, max_attendance, user_id, photo) VALUES (61, 'Valdez Valdez S.A.', 498-949-4599, 'Prolongación Marcos Márquez 8 Departamento 487, Romita, NLE 21102', 939, 84, 'profilePictures/eyesFB2.0.png');
INSERT INTO public.dplanapp_event (id, name, title_event, description, technical_req, duration, max_attendance, price, date_event, date_ini, date_end, status, gender_id,sub_gender_id,winner_id, site_id) VALUES(60, 'Oaxaca ghosts', 'Health & Jewelry', 'groupware potenciada Extendido', 'Organo', 1, 939, 111748, '2017-05-02 11:24:11', '2017-05-02 11:24:11', '2017-05-02 02:24:11', 'O', 2, 10, NULL, 61);
INSERT INTO public.auth_user (id, password, last_login, is_superuser, username, first_name, last_name, email, is_staff, is_active, date_joined) VALUES (85,'pbkdf2_sha256$24000$2Pi6CjMjgA7D$NtEcGcuFbiuWTJSVGl+oHo2pvK6zzJTJTAd6sfQD8j4=', '2017-03-10 19:53:46.474341', true, 'Daniel.Velázquez', '', '', 'Daniel.Velázquez@contact.com', true, true, '2017-03-10 19:50:52.412073');
INSERT INTO public.dplanapp_site (id, site_name, phone, address, max_attendance, user_id, photo) VALUES (62, 'Rangel Rangel S.R.L', 785-016-7852, 'Int. 5 Privada Alaquines 25029 Interior 723, Santa Catarina, COA 81951', 635, 85, 'profilePictures/eyesFB2.0.png');
INSERT INTO public.dplanapp_event (id, name, title_event, description, technical_req, duration, max_attendance, price, date_event, date_ini, date_end, status, gender_id,sub_gender_id,winner_id, site_id) VALUES(61, 'Puebla conspirators', 'Electronics, Jewelry & Music', 'estructura de precios 4th generación Auto proporciona', 'Ukelele', 6, 635, 274439, '2018-01-21 12:48:26', '2018-01-21 12:48:26', '2018-01-21 03:48:26', 'O', 1, 4, NULL, 62);
INSERT INTO public.auth_user (id, password, last_login, is_superuser, username, first_name, last_name, email, is_staff, is_active, date_joined) VALUES (86,'pbkdf2_sha256$24000$2Pi6CjMjgA7D$NtEcGcuFbiuWTJSVGl+oHo2pvK6zzJTJTAd6sfQD8j4=', '2017-03-10 19:53:46.474341', true, 'Margarita.Arredondo', '', '', 'Margarita.Arredondo@contact.com', true, true, '2017-03-10 19:50:52.412073');
INSERT INTO public.dplanapp_site (id, site_name, phone, address, max_attendance, user_id, photo) VALUES (63, 'Colegio Nava S.A.B.', 232-134-2483, 'Piso 8 Calle Ricardo 962 Int. 8, Moctezuma, VER 68953', 777, 86, 'profilePictures/eyesFB2.0.png');
INSERT INTO public.dplanapp_event (id, name, title_event, description, technical_req, duration, max_attendance, price, date_event, date_ini, date_end, status, gender_id,sub_gender_id,winner_id, site_id) VALUES(62, 'Guanajuato conspirators', 'Garden, Grocery & Jewelry', 'iniciativa monitorizada por red Proactivo', 'Xilofón', 3, 777, 360794, '2018-04-17 07:20:02', '2018-04-17 07:20:02', '2018-04-17 10:20:02', 'O', 2, 10, NULL, 63);
INSERT INTO public.auth_user (id, password, last_login, is_superuser, username, first_name, last_name, email, is_staff, is_active, date_joined) VALUES (87,'pbkdf2_sha256$24000$2Pi6CjMjgA7D$NtEcGcuFbiuWTJSVGl+oHo2pvK6zzJTJTAd6sfQD8j4=', '2017-03-10 19:53:46.474341', true, 'Maricela.Peralta', '', '', 'Maricela.Peralta@contact.com', true, true, '2017-03-10 19:50:52.412073');
INSERT INTO public.dplanapp_site (id, site_name, phone, address, max_attendance, user_id, photo) VALUES (64, 'Campos y Campos S.A. de C.V.', 489 114 7531, '2ª Planta Quinta José Piña 12 2ª Planta, Rayones, TAM 75559', 619, 87, 'profilePictures/eyesFB2.0.png');
INSERT INTO public.dplanapp_event (id, name, title_event, description, technical_req, duration, max_attendance, price, date_event, date_ini, date_end, status, gender_id,sub_gender_id,winner_id, site_id) VALUES(63, 'Tamaulipas wolves', 'Baby', 'contingencia regional Digitalizado', 'Acordión', 5, 619, 414880, '2017-05-21 04:41:34', '2017-05-21 04:41:34', '2017-05-21 07:41:34', 'O', 2, 10, NULL, 64);
INSERT INTO public.auth_user (id, password, last_login, is_superuser, username, first_name, last_name, email, is_staff, is_active, date_joined) VALUES (88,'pbkdf2_sha256$24000$2Pi6CjMjgA7D$NtEcGcuFbiuWTJSVGl+oHo2pvK6zzJTJTAd6sfQD8j4=', '2017-03-10 19:53:46.474341', true, 'Victoria.Ponce', '', '', 'Victoria.Ponce@contact.com', true, true, '2017-03-10 19:50:52.412073');
INSERT INTO public.dplanapp_site (id, site_name, phone, address, max_attendance, user_id, photo) VALUES (65, 'Maldonado y Maldonado S.A.', 791-745-9483, 'Muelle Veracruz 69, Chapulhuacán, SIN 94410', 316, 88, 'profilePictures/eyesFB2.0.png');
INSERT INTO public.dplanapp_event (id, name, title_event, description, technical_req, duration, max_attendance, price, date_event, date_ini, date_end, status, gender_id,sub_gender_id,winner_id, site_id) VALUES(64, 'Querétaro gooses', 'Automotive', 'proyecto tangible Totalmente configurable', 'Ukelele', 3, 316, 202615, '2018-04-15 07:52:26', '2018-04-15 07:52:26', '2018-04-15 10:52:26', 'O', 2, 11, NULL, 65);
INSERT INTO public.auth_user (id, password, last_login, is_superuser, username, first_name, last_name, email, is_staff, is_active, date_joined) VALUES (89,'pbkdf2_sha256$24000$2Pi6CjMjgA7D$NtEcGcuFbiuWTJSVGl+oHo2pvK6zzJTJTAd6sfQD8j4=', '2017-03-10 19:53:46.474341', true, 'Celia.Díaz', '', '', 'Celia.Díaz@contact.com', true, true, '2017-03-10 19:50:52.412073');
INSERT INTO public.dplanapp_site (id, site_name, phone, address, max_attendance, user_id, photo) VALUES (66, 'Salgado y Salgado S.R.L', (33) 6439 9300, 'Interior 307 Privada Azcapotzalco 266, Sinaloa, TAM 04085', 955, 89, 'profilePictures/eyesFB2.0.png');
INSERT INTO public.dplanapp_event (id, name, title_event, description, technical_req, duration, max_attendance, price, date_event, date_ini, date_end, status, gender_id,sub_gender_id,winner_id, site_id) VALUES(65, 'Colima oracles', 'Home', 'paralelismo recíproca Actualizable', 'Violonchelo', 2, 955, 486563, '2017-12-01 08:51:52', '2017-12-01 08:51:52', '2017-12-01 11:51:52', 'O', 2, 11, NULL, 66);
INSERT INTO public.auth_user (id, password, last_login, is_superuser, username, first_name, last_name, email, is_staff, is_active, date_joined) VALUES (90,'pbkdf2_sha256$24000$2Pi6CjMjgA7D$NtEcGcuFbiuWTJSVGl+oHo2pvK6zzJTJTAd6sfQD8j4=', '2017-03-10 19:53:46.474341', true, 'Julio César.Rojas', '', '', 'Julio César.Rojas@contact.com', true, true, '2017-03-10 19:50:52.412073');
INSERT INTO public.dplanapp_site (id, site_name, phone, address, max_attendance, user_id, photo) VALUES (67, 'Ojeda, Ojeda y Ojeda Asociados S.A.B.', 55-8455-9763, 'Carretera Abel Félix 8 Piso 53, Morelos, ROO 35397', 452, 90, 'profilePictures/eyesFB2.0.png');
INSERT INTO public.dplanapp_event (id, name, title_event, description, technical_req, duration, max_attendance, price, date_event, date_ini, date_end, status, gender_id,sub_gender_id,winner_id, site_id) VALUES(66, 'Sonora black cats', 'Industrial', 'conjunto de instrucciones intangible Diverso', 'Arpa', 6, 452, 366840, '2018-03-27 10:42:55', '2018-03-27 10:42:55', '2018-03-27 01:42:55', 'O', 2, 10, NULL, 67);
INSERT INTO public.auth_user (id, password, last_login, is_superuser, username, first_name, last_name, email, is_staff, is_active, date_joined) VALUES (91,'pbkdf2_sha256$24000$2Pi6CjMjgA7D$NtEcGcuFbiuWTJSVGl+oHo2pvK6zzJTJTAd6sfQD8j4=', '2017-03-10 19:53:46.474341', true, 'Gabriela.Gutiérrez', '', '', 'Gabriela.Gutiérrez@contact.com', true, true, '2017-03-10 19:50:52.412073');
INSERT INTO public.dplanapp_site (id, site_name, phone, address, max_attendance, user_id, photo) VALUES (68, 'Uribe S.A. de C.V.', 55-5442-2795, 'Subida Guerrero 5, Yauhquemehcan, NLE 33396', 342, 91, 'profilePictures/eyesFB2.0.png');
INSERT INTO public.dplanapp_event (id, name, title_event, description, technical_req, duration, max_attendance, price, date_event, date_ini, date_end, status, gender_id,sub_gender_id,winner_id, site_id) VALUES(67, 'Durango goats', 'Jewelry', 'intranet multimedia Amigable', 'Guitarra Acústica', 1, 342, 175224, '2017-11-27 04:06:11', '2017-11-27 04:06:11', '2017-11-27 07:06:11', 'O', 2, 8, NULL, 68);
INSERT INTO public.auth_user (id, password, last_login, is_superuser, username, first_name, last_name, email, is_staff, is_active, date_joined) VALUES (92,'pbkdf2_sha256$24000$2Pi6CjMjgA7D$NtEcGcuFbiuWTJSVGl+oHo2pvK6zzJTJTAd6sfQD8j4=', '2017-03-10 19:53:46.474341', true, 'Reyna.Serrano', '', '', 'Reyna.Serrano@contact.com', true, true, '2017-03-10 19:50:52.412073');
INSERT INTO public.dplanapp_site (id, site_name, phone, address, max_attendance, user_id, photo) VALUES (69, 'Zavala, Zavala y Zavala Asociados S.A. de C.V.', (378) 104 4600, 'Rincón Estela Zavala S/N, Brise, MOR 18492', 996, 92, 'profilePictures/eyesFB2.0.png');
INSERT INTO public.dplanapp_event (id, name, title_event, description, technical_req, duration, max_attendance, price, date_event, date_ini, date_end, status, gender_id,sub_gender_id,winner_id, site_id) VALUES(68, 'Aguascalientes gnomes', 'Clothing & Kids', 'capacidad multimedia Operativo', 'Armónica', 4, 996, 284636, '2018-03-31 10:11:37', '2018-03-31 10:11:37', '2018-04-01 01:11:37', 'O', 2, 10, NULL, 69);
INSERT INTO public.auth_user (id, password, last_login, is_superuser, username, first_name, last_name, email, is_staff, is_active, date_joined) VALUES (93,'pbkdf2_sha256$24000$2Pi6CjMjgA7D$NtEcGcuFbiuWTJSVGl+oHo2pvK6zzJTJTAd6sfQD8j4=', '2017-03-10 19:53:46.474341', true, 'Isabel.Córdova', '', '', 'Isabel.Córdova@contact.com', true, true, '2017-03-10 19:50:52.412073');
INSERT INTO public.dplanapp_site (id, site_name, phone, address, max_attendance, user_id, photo) VALUES (70, 'Valdés S.A. de C.V.', 81-8818-4191, 'Subida Morelos 22188, Copanatoyac, YUC 58121', 703, 93, 'profilePictures/eyesFB2.0.png');
INSERT INTO public.dplanapp_event (id, name, title_event, description, technical_req, duration, max_attendance, price, date_event, date_ini, date_end, status, gender_id,sub_gender_id,winner_id, site_id) VALUES(69, 'Sonora banshees', 'Garden', 'groupware cliente servidor Intercambiable', 'Ukelele', 6, 703, 193008, '2018-03-19 08:49:34', '2018-03-19 08:49:34', '2018-03-19 11:49:34', 'O', 1, 1, NULL, 70);
INSERT INTO public.auth_user (id, password, last_login, is_superuser, username, first_name, last_name, email, is_staff, is_active, date_joined) VALUES (94,'pbkdf2_sha256$24000$2Pi6CjMjgA7D$NtEcGcuFbiuWTJSVGl+oHo2pvK6zzJTJTAd6sfQD8j4=', '2017-03-10 19:53:46.474341', true, 'Manuel.González', '', '', 'Manuel.González@contact.com', true, true, '2017-03-10 19:50:52.412073');
INSERT INTO public.dplanapp_site (id, site_name, phone, address, max_attendance, user_id, photo) VALUES (71, 'Grupo Financiero Barrios S.A.B.', 377 567 1418, 'Sector David 358, Carbo, GUA 15975', 939, 94, 'profilePictures/eyesFB2.0.png');
INSERT INTO public.dplanapp_event (id, name, title_event, description, technical_req, duration, max_attendance, price, date_event, date_ini, date_end, status, gender_id,sub_gender_id,winner_id, site_id) VALUES(70, 'Querétaro lions', 'Games & Movies', 'estandardización 24/7 Opcional', 'Guitarra Eléctrica', 3, 939, 472693, '2017-04-17 03:46:53', '2017-04-17 03:46:53', '2017-04-17 06:46:53', 'O', 1, 4, NULL, 71);
INSERT INTO public.auth_user (id, password, last_login, is_superuser, username, first_name, last_name, email, is_staff, is_active, date_joined) VALUES (95,'pbkdf2_sha256$24000$2Pi6CjMjgA7D$NtEcGcuFbiuWTJSVGl+oHo2pvK6zzJTJTAd6sfQD8j4=', '2017-03-10 19:53:46.474341', true, 'Luz María.de la Torre', '', '', 'Luz María.de la Torre@contact.com', true, true, '2017-03-10 19:50:52.412073');
INSERT INTO public.dplanapp_site (id, site_name, phone, address, max_attendance, user_id, photo) VALUES (72, 'Trujillo y Trujillo S.A.', 494-686-5736, 'Depto. 468 Mercado Susana Márquez 57, Mecatlan, COA 73280', 806, 95, 'profilePictures/eyesFB2.0.png');
INSERT INTO public.dplanapp_event (id, name, title_event, description, technical_req, duration, max_attendance, price, date_event, date_ini, date_end, status, gender_id,sub_gender_id,winner_id, site_id) VALUES(71, 'Michoacán fishes', 'Toys', 'colaboración asíncrona Realineado', 'Saxofón', 4, 806, 130344, '2018-04-12 06:53:02', '2018-04-12 06:53:02', '2018-04-12 09:53:02', 'O', 1, 1, NULL, 72);
INSERT INTO public.auth_user (id, password, last_login, is_superuser, username, first_name, last_name, email, is_staff, is_active, date_joined) VALUES (96,'pbkdf2_sha256$24000$2Pi6CjMjgA7D$NtEcGcuFbiuWTJSVGl+oHo2pvK6zzJTJTAd6sfQD8j4=', '2017-03-10 19:53:46.474341', true, 'Raymundo.Gálvez', '', '', 'Raymundo.Gálvez@contact.com', true, true, '2017-03-10 19:50:52.412073');
INSERT INTO public.dplanapp_site (id, site_name, phone, address, max_attendance, user_id, photo) VALUES (73, 'Grupo Financiero Armenta S.C.', 55 6472 9862, 'Apartamento 63 Vía Yolanda Moreno 41, Ecatepec, ROO 80111', 946, 96, 'profilePictures/eyesFB2.0.png');
INSERT INTO public.dplanapp_event (id, name, title_event, description, technical_req, duration, max_attendance, price, date_event, date_ini, date_end, status, gender_id,sub_gender_id,winner_id, site_id) VALUES(72, 'Colima ghosts', 'Garden', 'middleware acompasada Virtual', 'Armónica', 1, 946, 98097, '2018-03-28 03:24:30', '2018-03-28 03:24:30', '2018-03-28 06:24:30', 'O', 1, 3, NULL, 73);
INSERT INTO public.auth_user (id, password, last_login, is_superuser, username, first_name, last_name, email, is_staff, is_active, date_joined) VALUES (97,'pbkdf2_sha256$24000$2Pi6CjMjgA7D$NtEcGcuFbiuWTJSVGl+oHo2pvK6zzJTJTAd6sfQD8j4=', '2017-03-10 19:53:46.474341', true, 'Rosario.Villarreal', '', '', 'Rosario.Villarreal@contact.com', true, true, '2017-03-10 19:50:52.412073');
INSERT INTO public.dplanapp_site (id, site_name, phone, address, max_attendance, user_id, photo) VALUES (74, 'Toledo y Toledo S.A. de C.V.', 81 8538 6602, 'Interior ?0 Camino Hidalgo 514, Amatlán de Cañas, QUE 44750', 242, 97, 'profilePictures/eyesFB2.0.png');
INSERT INTO public.dplanapp_event (id, name, title_event, description, technical_req, duration, max_attendance, price, date_event, date_ini, date_end, status, gender_id,sub_gender_id,winner_id, site_id) VALUES(73, 'Jalisco dogs', 'Clothing', 'base del conocimiento cohesiva Profundo', 'Trompeta', 1, 242, 204871, '2017-09-11 06:41:07', '2017-09-11 06:41:07', '2017-09-11 09:41:07', 'O', 2, 8, NULL, 74);
INSERT INTO public.auth_user (id, password, last_login, is_superuser, username, first_name, last_name, email, is_staff, is_active, date_joined) VALUES (98,'pbkdf2_sha256$24000$2Pi6CjMjgA7D$NtEcGcuFbiuWTJSVGl+oHo2pvK6zzJTJTAd6sfQD8j4=', '2017-03-10 19:53:46.474341', true, 'Dolores.Sánchez', '', '', 'Dolores.Sánchez@contact.com', true, true, '2017-03-10 19:50:52.412073');
INSERT INTO public.dplanapp_site (id, site_name, phone, address, max_attendance, user_id, photo) VALUES (75, 'Sandoval S.R.L', (697) 174 7843, 'Planta baja Avenida Julio César Rentería 66 Interior ?2, Nuevo Zoquiapam, NLE 56992', 838, 98, 'profilePictures/eyesFB2.0.png');
INSERT INTO public.dplanapp_event (id, name, title_event, description, technical_req, duration, max_attendance, price, date_event, date_ini, date_end, status, gender_id,sub_gender_id,winner_id, site_id) VALUES(74, 'Puebla frogs', 'Movies', 'proceso de mejora misión crítica Innovador', 'Trompeta', 1, 838, 218225, '2017-07-03 10:55:01', '2017-07-03 10:55:01', '2017-07-04 01:55:01', 'O', 2, 8, NULL, 75);
INSERT INTO public.auth_user (id, password, last_login, is_superuser, username, first_name, last_name, email, is_staff, is_active, date_joined) VALUES (99,'pbkdf2_sha256$24000$2Pi6CjMjgA7D$NtEcGcuFbiuWTJSVGl+oHo2pvK6zzJTJTAd6sfQD8j4=', '2017-03-10 19:53:46.474341', true, 'Margarita.Valenzuela', '', '', 'Margarita.Valenzuela@contact.com', true, true, '2017-03-10 19:50:52.412073');
INSERT INTO public.dplanapp_site (id, site_name, phone, address, max_attendance, user_id, photo) VALUES (76, 'Pineda y Pineda S.R.L', (55) 5857 3712, 'Piso 9 Pasaje Martina Salgado 73340 Interior ?8, Loreto, MOR 91295', 729, 99, 'profilePictures/eyesFB2.0.png');
INSERT INTO public.dplanapp_event (id, name, title_event, description, technical_req, duration, max_attendance, price, date_event, date_ini, date_end, status, gender_id,sub_gender_id,winner_id, site_id) VALUES(75, 'Colima ghosts', 'Outdoors', 'portal hibrida en fases', 'Armónica', 5, 729, 444283, '2018-04-13 07:05:29', '2018-04-13 07:05:29', '2018-04-13 10:05:29', 'O', 1, 5, NULL, 76);
INSERT INTO public.auth_user (id, password, last_login, is_superuser, username, first_name, last_name, email, is_staff, is_active, date_joined) VALUES (100,'pbkdf2_sha256$24000$2Pi6CjMjgA7D$NtEcGcuFbiuWTJSVGl+oHo2pvK6zzJTJTAd6sfQD8j4=', '2017-03-10 19:53:46.474341', true, 'Julia.Cortez', '', '', 'Julia.Cortez@contact.com', true, true, '2017-03-10 19:50:52.412073');
INSERT INTO public.dplanapp_site (id, site_name, phone, address, max_attendance, user_id, photo) VALUES (77, 'Colegio Armenta S.A. de C.V.', (81) 1274 9181, 'Vía Gregorio 03, Juárez, QUE 72982', 284, 100, 'profilePictures/eyesFB2.0.png');
INSERT INTO public.dplanapp_event (id, name, title_event, description, technical_req, duration, max_attendance, price, date_event, date_ini, date_end, status, gender_id,sub_gender_id,winner_id, site_id) VALUES(76, 'Sonora kangaroos', 'Books', 'codificar hibrida Implementado', 'Piano', 4, 284, 267399, '2017-08-01 10:58:38', '2017-08-01 10:58:38', '2017-08-02 01:58:38', 'O', 2, 8, NULL, 77);
INSERT INTO public.auth_user (id, password, last_login, is_superuser, username, first_name, last_name, email, is_staff, is_active, date_joined) VALUES (101,'pbkdf2_sha256$24000$2Pi6CjMjgA7D$NtEcGcuFbiuWTJSVGl+oHo2pvK6zzJTJTAd6sfQD8j4=', '2017-03-10 19:53:46.474341', true, 'María Luisa.Leyva', '', '', 'María Luisa.Leyva@contact.com', true, true, '2017-03-10 19:50:52.412073');
INSERT INTO public.dplanapp_site (id, site_name, phone, address, max_attendance, user_id, photo) VALUES (78, 'Aparicio Aparicio S.A. de C.V.', 55 3124 4874, '8ª Planta Monte Tecate S/N Piso 0, Benito Juárez, AGU 25175', 102, 101, 'profilePictures/eyesFB2.0.png');
INSERT INTO public.dplanapp_event (id, name, title_event, description, technical_req, duration, max_attendance, price, date_event, date_ini, date_end, status, gender_id,sub_gender_id,winner_id, site_id) VALUES(77, 'Colima penguins', 'Books & Health', 'infraestructura heurística Programable', 'Ukelele', 3, 102, 435592, '2017-05-17 11:53:38', '2017-05-17 11:53:38', '2017-05-18 02:53:38', 'O', 1, 2, NULL, 78);
INSERT INTO public.auth_user (id, password, last_login, is_superuser, username, first_name, last_name, email, is_staff, is_active, date_joined) VALUES (102,'pbkdf2_sha256$24000$2Pi6CjMjgA7D$NtEcGcuFbiuWTJSVGl+oHo2pvK6zzJTJTAd6sfQD8j4=', '2017-03-10 19:53:46.474341', true, 'Virginia.Cortés', '', '', 'Virginia.Cortés@contact.com', true, true, '2017-03-10 19:50:52.412073');
INSERT INTO public.dplanapp_site (id, site_name, phone, address, max_attendance, user_id, photo) VALUES (79, 'Guerrero S.A.', (33) 1983 6708, 'Piso 13 Subida Aguascalientes 44755 Interior 199, Comondú, GRO 06974', 490, 102, 'profilePictures/eyesFB2.0.png');
INSERT INTO public.dplanapp_event (id, name, title_event, description, technical_req, duration, max_attendance, price, date_event, date_ini, date_end, status, gender_id,sub_gender_id,winner_id, site_id) VALUES(78, 'Quintana Roo buffalo', 'Industrial', 'política ejecutiva Reducido', 'Guitarra Acústica', 6, 490, 251450, '2018-03-24 04:15:36', '2018-03-24 04:15:36', '2018-03-24 07:15:36', 'O', 1, 4, NULL, 79);
INSERT INTO public.auth_user (id, password, last_login, is_superuser, username, first_name, last_name, email, is_staff, is_active, date_joined) VALUES (103,'pbkdf2_sha256$24000$2Pi6CjMjgA7D$NtEcGcuFbiuWTJSVGl+oHo2pvK6zzJTJTAd6sfQD8j4=', '2017-03-10 19:53:46.474341', true, 'Abel.Venegas', '', '', 'Abel.Venegas@contact.com', true, true, '2017-03-10 19:50:52.412073');
INSERT INTO public.dplanapp_site (id, site_name, phone, address, max_attendance, user_id, photo) VALUES (80, 'Arredondo Arredondo S.R.L', (352) 057 9267, 'Piso 88 Glorieta Sonora 2246, Comondú, CHH 18137', 538, 103, 'profilePictures/eyesFB2.0.png');
INSERT INTO public.dplanapp_event (id, name, title_event, description, technical_req, duration, max_attendance, price, date_event, date_ini, date_end, status, gender_id,sub_gender_id,winner_id, site_id) VALUES(79, 'Michoacán kangaroos', 'Books', 'conglomeración tangible Automatizado', 'Piano', 3, 538, 476552, '2017-10-28 11:50:52', '2017-10-28 11:50:52', '2017-10-29 02:50:52', 'O', 1, 4, NULL, 80);
INSERT INTO public.auth_user (id, password, last_login, is_superuser, username, first_name, last_name, email, is_staff, is_active, date_joined) VALUES (104,'pbkdf2_sha256$24000$2Pi6CjMjgA7D$NtEcGcuFbiuWTJSVGl+oHo2pvK6zzJTJTAd6sfQD8j4=', '2017-03-10 19:53:46.474341', true, 'Ramiro.Meza', '', '', 'Ramiro.Meza@contact.com', true, true, '2017-03-10 19:50:52.412073');
INSERT INTO public.dplanapp_site (id, site_name, phone, address, max_attendance, user_id, photo) VALUES (81, 'Cisneros Cisneros S.R.L', 389 593 1444, 'Apartamento 10 Escalinata Esperanza 1, Burgos, DUR 34359', 665, 104, 'profilePictures/eyesFB2.0.png');
INSERT INTO public.dplanapp_event (id, name, title_event, description, technical_req, duration, max_attendance, price, date_event, date_ini, date_end, status, gender_id,sub_gender_id,winner_id, site_id) VALUES(80, 'Yucatán gooses', 'Books & Home', 'paralelismo acompasada en fases', 'Clarinete', 3, 665, 339598, '2017-06-29 11:25:55', '2017-06-29 11:25:55', '2017-06-29 02:25:55', 'O', 1, 1, NULL, 81);
INSERT INTO public.auth_user (id, password, last_login, is_superuser, username, first_name, last_name, email, is_staff, is_active, date_joined) VALUES (105,'pbkdf2_sha256$24000$2Pi6CjMjgA7D$NtEcGcuFbiuWTJSVGl+oHo2pvK6zzJTJTAd6sfQD8j4=', '2017-03-10 19:53:46.474341', true, 'Alfonso.Barrera', '', '', 'Alfonso.Barrera@contact.com', true, true, '2017-03-10 19:50:52.412073');
INSERT INTO public.dplanapp_site (id, site_name, phone, address, max_attendance, user_id, photo) VALUES (82, 'Monroy, Monroy y Monroy Asociados S.A. de C.V.', 81-0283-3352, 'Depto. 820 Subida Martín 20696, Nacajuca, NLE 06578', 827, 105, 'profilePictures/eyesFB2.0.png');
INSERT INTO public.dplanapp_event (id, name, title_event, description, technical_req, duration, max_attendance, price, date_event, date_ini, date_end, status, gender_id,sub_gender_id,winner_id, site_id) VALUES(81, 'Aguascalientes lycanthropes', 'Shoes', 'sinergia direccional Orígenes', 'Clarinete', 4, 827, 295224, '2018-01-31 09:58:00', '2018-01-31 09:58:00', '2018-01-31 12:58:00', 'O', 1, 3, NULL, 82);
INSERT INTO public.auth_user (id, password, last_login, is_superuser, username, first_name, last_name, email, is_staff, is_active, date_joined) VALUES (106,'pbkdf2_sha256$24000$2Pi6CjMjgA7D$NtEcGcuFbiuWTJSVGl+oHo2pvK6zzJTJTAd6sfQD8j4=', '2017-03-10 19:53:46.474341', true, 'Karina.Santos', '', '', 'Karina.Santos@contact.com', true, true, '2017-03-10 19:50:52.412073');
INSERT INTO public.dplanapp_site (id, site_name, phone, address, max_attendance, user_id, photo) VALUES (83, 'Villegas y Villegas S.C.', 628 843 6170, 'Departamento 823 Grupo Unión Hidalgo 9 Planta baja, Paracuaro, NLE 59666', 920, 106, 'profilePictures/eyesFB2.0.png');
INSERT INTO public.dplanapp_event (id, name, title_event, description, technical_req, duration, max_attendance, price, date_event, date_ini, date_end, status, gender_id,sub_gender_id,winner_id, site_id) VALUES(82, 'Durango spirits', 'Movies', 'marco de tiempo basado en necesidades Opcional', 'Bateria', 3, 920, 342645, '2018-03-05 03:02:29', '2018-03-05 03:02:29', '2018-03-05 06:02:29', 'O', 1, 3, NULL, 83);
INSERT INTO public.auth_user (id, password, last_login, is_superuser, username, first_name, last_name, email, is_staff, is_active, date_joined) VALUES (107,'pbkdf2_sha256$24000$2Pi6CjMjgA7D$NtEcGcuFbiuWTJSVGl+oHo2pvK6zzJTJTAd6sfQD8j4=', '2017-03-10 19:53:46.474341', true, 'Sergio.Leyva', '', '', 'Sergio.Leyva@contact.com', true, true, '2017-03-10 19:50:52.412073');
INSERT INTO public.dplanapp_site (id, site_name, phone, address, max_attendance, user_id, photo) VALUES (84, 'Fondo Muñoz S.A.', 225-130-6713, 'Bajada César Mejía 96, Álvaro Obregón, NLE 84143', 944, 107, 'profilePictures/eyesFB2.0.png');
INSERT INTO public.dplanapp_event (id, name, title_event, description, technical_req, duration, max_attendance, price, date_event, date_ini, date_end, status, gender_id,sub_gender_id,winner_id, site_id) VALUES(83, 'Chihuahua cats', 'Jewelry', 'circuito terciaria Optimizado', 'Flauta', 4, 944, 235515, '2018-02-20 11:36:55', '2018-02-20 11:36:55', '2018-02-20 02:36:55', 'O', 1, 5, NULL, 84);
INSERT INTO public.auth_user (id, password, last_login, is_superuser, username, first_name, last_name, email, is_staff, is_active, date_joined) VALUES (108,'pbkdf2_sha256$24000$2Pi6CjMjgA7D$NtEcGcuFbiuWTJSVGl+oHo2pvK6zzJTJTAd6sfQD8j4=', '2017-03-10 19:53:46.474341', true, 'Armando.Carranza', '', '', 'Armando.Carranza@contact.com', true, true, '2017-03-10 19:50:52.412073');
INSERT INTO public.dplanapp_site (id, site_name, phone, address, max_attendance, user_id, photo) VALUES (85, 'Zamora y Zamora S.A.', (55) 0603 6020, 'Piso 86 Rampa Andrés 5349 0ª Planta, Burgos, JAL 09551', 217, 108, 'profilePictures/eyesFB2.0.png');
INSERT INTO public.dplanapp_event (id, name, title_event, description, technical_req, duration, max_attendance, price, date_event, date_ini, date_end, status, gender_id,sub_gender_id,winner_id, site_id) VALUES(84, 'Baja California Sur foxes', 'Health & Kids', 'hardware alto nivel Innovador', 'Armónica', 3, 217, 65606, '2017-05-04 01:42:43', '2017-05-04 01:42:43', '2017-05-04 04:42:43', 'O', 2, 12, NULL, 85);
INSERT INTO public.auth_user (id, password, last_login, is_superuser, username, first_name, last_name, email, is_staff, is_active, date_joined) VALUES (109,'pbkdf2_sha256$24000$2Pi6CjMjgA7D$NtEcGcuFbiuWTJSVGl+oHo2pvK6zzJTJTAd6sfQD8j4=', '2017-03-10 19:53:46.474341', true, 'Fabiola.Arellano', '', '', 'Fabiola.Arellano@contact.com', true, true, '2017-03-10 19:50:52.412073');
INSERT INTO public.dplanapp_site (id, site_name, phone, address, max_attendance, user_id, photo) VALUES (86, 'Magaña S.C.', (834) 451 2858, 'Depto. 717 Camino Miriam Carranza 8569 Departamento 989, La Huerta, SIN 79663', 122, 109, 'profilePictures/eyesFB2.0.png');
INSERT INTO public.dplanapp_event (id, name, title_event, description, technical_req, duration, max_attendance, price, date_event, date_ini, date_end, status, gender_id,sub_gender_id,winner_id, site_id) VALUES(85, 'Nayarit werewolves', 'Garden & Kids', 'aplicación interactiva Public-key', 'Violonchelo', 5, 122, 209686, '2017-04-28 04:27:42', '2017-04-28 04:27:42', '2017-04-28 07:27:42', 'O', 1, 3, NULL, 86);
INSERT INTO public.auth_user (id, password, last_login, is_superuser, username, first_name, last_name, email, is_staff, is_active, date_joined) VALUES (110,'pbkdf2_sha256$24000$2Pi6CjMjgA7D$NtEcGcuFbiuWTJSVGl+oHo2pvK6zzJTJTAd6sfQD8j4=', '2017-03-10 19:53:46.474341', true, 'Nicolás.Montes', '', '', 'Nicolás.Montes@contact.com', true, true, '2017-03-10 19:50:52.412073');
INSERT INTO public.dplanapp_site (id, site_name, phone, address, max_attendance, user_id, photo) VALUES (87, 'Gómez S.A.', (745) 142 9104, 'Entrada Ensenada S/N Departamento 650, Celaya, COA 90126', 133, 110, 'profilePictures/eyesFB2.0.png');
INSERT INTO public.dplanapp_event (id, name, title_event, description, technical_req, duration, max_attendance, price, date_event, date_ini, date_end, status, gender_id,sub_gender_id,winner_id, site_id) VALUES(86, 'Tamaulipas foxes', 'Industrial', 'paralelismo interactiva Fácil', 'Guitarra Eléctrica', 6, 133, 272486, '2018-03-23 06:21:49', '2018-03-23 06:21:49', '2018-03-23 09:21:49', 'O', 1, 6, NULL, 87);
INSERT INTO public.auth_user (id, password, last_login, is_superuser, username, first_name, last_name, email, is_staff, is_active, date_joined) VALUES (111,'pbkdf2_sha256$24000$2Pi6CjMjgA7D$NtEcGcuFbiuWTJSVGl+oHo2pvK6zzJTJTAd6sfQD8j4=', '2017-03-10 19:53:46.474341', true, 'Luis Alberto.de Jesús', '', '', 'Luis Alberto.de Jesús@contact.com', true, true, '2017-03-10 19:50:52.412073');
INSERT INTO public.dplanapp_site (id, site_name, phone, address, max_attendance, user_id, photo) VALUES (88, 'Fondo Barajas S.C.', 81 8260 0238, 'Interior ?1 Vía Petra Velázquez 79355, Chimalhuacán, MIC 91381', 418, 111, 'profilePictures/eyesFB2.0.png');
INSERT INTO public.dplanapp_event (id, name, title_event, description, technical_req, duration, max_attendance, price, date_event, date_ini, date_end, status, gender_id,sub_gender_id,winner_id, site_id) VALUES(87, 'Baja California griffins', 'Sports & Tools', 'estructura sistemática Totalmente configurable', 'Armónica', 3, 418, 273340, '2017-12-23 08:19:00', '2017-12-23 08:19:00', '2017-12-23 11:19:00', 'O', 1, 5, NULL, 88);
INSERT INTO public.auth_user (id, password, last_login, is_superuser, username, first_name, last_name, email, is_staff, is_active, date_joined) VALUES (112,'pbkdf2_sha256$24000$2Pi6CjMjgA7D$NtEcGcuFbiuWTJSVGl+oHo2pvK6zzJTJTAd6sfQD8j4=', '2017-03-10 19:53:46.474341', true, 'Samuel.Barragán', '', '', 'Samuel.Barragán@contact.com', true, true, '2017-03-10 19:50:52.412073');
INSERT INTO public.dplanapp_site (id, site_name, phone, address, max_attendance, user_id, photo) VALUES (89, 'Nieto y Nieto S.R.L', 33-6721-7086, 'Interior 317 Calle Graciela Rodríguez 0, Nombre de Dios, PUE 48323', 987, 112, 'profilePictures/eyesFB2.0.png');
INSERT INTO public.dplanapp_event (id, name, title_event, description, technical_req, duration, max_attendance, price, date_event, date_ini, date_end, status, gender_id,sub_gender_id,winner_id, site_id) VALUES(88, 'Michoacán crows', 'Computers, Games & Industrial', 'habilidad recíproca Open-source', 'Xilofón', 2, 987, 100385, '2017-11-09 12:09:18', '2017-11-09 12:09:18', '2017-11-09 03:09:18', 'O', 2, 8, NULL, 89);
INSERT INTO public.auth_user (id, password, last_login, is_superuser, username, first_name, last_name, email, is_staff, is_active, date_joined) VALUES (113,'pbkdf2_sha256$24000$2Pi6CjMjgA7D$NtEcGcuFbiuWTJSVGl+oHo2pvK6zzJTJTAd6sfQD8j4=', '2017-03-10 19:53:46.474341', true, 'Omar.Arias', '', '', 'Omar.Arias@contact.com', true, true, '2017-03-10 19:50:52.412073');
INSERT INTO public.dplanapp_site (id, site_name, phone, address, max_attendance, user_id, photo) VALUES (90, 'Zárate y Zárate S.A. de C.V.', (326) 380 8566, 'Bajada Irma Castillo 50764, Tepoztlan, TAM 23732', 100, 113, 'profilePictures/eyesFB2.0.png');
INSERT INTO public.dplanapp_event (id, name, title_event, description, technical_req, duration, max_attendance, price, date_event, date_ini, date_end, status, gender_id,sub_gender_id,winner_id, site_id) VALUES(89, 'Aguascalientes ghosts', 'Books', 'acceso compuesto Descentralizado', 'Armónica', 3, 100, 265108, '2017-12-18 11:05:18', '2017-12-18 11:05:18', '2017-12-18 02:05:18', 'O', 2, 12, NULL, 90);
INSERT INTO public.auth_user (id, password, last_login, is_superuser, username, first_name, last_name, email, is_staff, is_active, date_joined) VALUES (114,'pbkdf2_sha256$24000$2Pi6CjMjgA7D$NtEcGcuFbiuWTJSVGl+oHo2pvK6zzJTJTAd6sfQD8j4=', '2017-03-10 19:53:46.474341', true, 'Roberto.Mondragón', '', '', 'Roberto.Mondragón@contact.com', true, true, '2017-03-10 19:50:52.412073');
INSERT INTO public.dplanapp_site (id, site_name, phone, address, max_attendance, user_id, photo) VALUES (91, 'Trejo, Trejo y Trejo Asociados S.A.B.', 81-4715-9840, 'Carretera Campeche 188, Colima, GRO 86231', 292, 114, 'profilePictures/eyesFB2.0.png');
INSERT INTO public.dplanapp_event (id, name, title_event, description, technical_req, duration, max_attendance, price, date_event, date_ini, date_end, status, gender_id,sub_gender_id,winner_id, site_id) VALUES(90, 'Chihuahua witches', 'Electronics', 'estandardización intermedia Orientado a objetos', 'Guitarra Eléctrica', 1, 292, 436630, '2018-01-15 01:06:55', '2018-01-15 01:06:55', '2018-01-15 04:06:55', 'O', 1, 2, NULL, 91);
INSERT INTO public.auth_user (id, password, last_login, is_superuser, username, first_name, last_name, email, is_staff, is_active, date_joined) VALUES (115,'pbkdf2_sha256$24000$2Pi6CjMjgA7D$NtEcGcuFbiuWTJSVGl+oHo2pvK6zzJTJTAd6sfQD8j4=', '2017-03-10 19:53:46.474341', true, 'Rafael.Barajas', '', '', 'Rafael.Barajas@contact.com', true, true, '2017-03-10 19:50:52.412073');
INSERT INTO public.dplanapp_site (id, site_name, phone, address, max_attendance, user_id, photo) VALUES (92, 'Colegio Villalobos S.A.', 55-2252-4189, 'Privada Ojinaga S/N, Tlalchapa, MEX 90913', 628, 115, 'profilePictures/eyesFB2.0.png');
INSERT INTO public.dplanapp_event (id, name, title_event, description, technical_req, duration, max_attendance, price, date_event, date_ini, date_end, status, gender_id,sub_gender_id,winner_id, site_id) VALUES(91, 'Guanajuato tigers', 'Garden', 'orquestar 3rd generación Compatible', 'Clarinete', 1, 628, 316112, '2018-04-06 01:18:11', '2018-04-06 01:18:11', '2018-04-06 04:18:11', 'O', 2, 9, NULL, 92);
INSERT INTO public.auth_user (id, password, last_login, is_superuser, username, first_name, last_name, email, is_staff, is_active, date_joined) VALUES (116,'pbkdf2_sha256$24000$2Pi6CjMjgA7D$NtEcGcuFbiuWTJSVGl+oHo2pvK6zzJTJTAd6sfQD8j4=', '2017-03-10 19:53:46.474341', true, 'Ramiro.Huerta', '', '', 'Ramiro.Huerta@contact.com', true, true, '2017-03-10 19:50:52.412073');
INSERT INTO public.dplanapp_site (id, site_name, phone, address, max_attendance, user_id, photo) VALUES (93, 'Grupo Financiero Carrillo S.C.', 55-3569-3773, 'Int. 2 Bajada Colima 2339 Apartamento 41, Irimbo, COA 25166', 850, 116, 'profilePictures/eyesFB2.0.png');
INSERT INTO public.dplanapp_event (id, name, title_event, description, technical_req, duration, max_attendance, price, date_event, date_ini, date_end, status, gender_id,sub_gender_id,winner_id, site_id) VALUES(92, 'Quintana Roo goblins', 'Outdoors', 'website dinámica Intuitivo', 'Xilofón', 3, 850, 440695, '2018-03-07 06:14:48', '2018-03-07 06:14:48', '2018-03-07 09:14:48', 'O', 2, 8, NULL, 93);
INSERT INTO public.auth_user (id, password, last_login, is_superuser, username, first_name, last_name, email, is_staff, is_active, date_joined) VALUES (117,'pbkdf2_sha256$24000$2Pi6CjMjgA7D$NtEcGcuFbiuWTJSVGl+oHo2pvK6zzJTJTAd6sfQD8j4=', '2017-03-10 19:53:46.474341', true, 'Ángela.Ortiz', '', '', 'Ángela.Ortiz@contact.com', true, true, '2017-03-10 19:50:52.412073');
INSERT INTO public.dplanapp_site (id, site_name, phone, address, max_attendance, user_id, photo) VALUES (94, 'Segura y Segura S.C.', 676-300-5195, 'Subida Veracruz 7 Piso 06, Comonfort, VER 80186', 179, 117, 'profilePictures/eyesFB2.0.png');
INSERT INTO public.dplanapp_event (id, name, title_event, description, technical_req, duration, max_attendance, price, date_event, date_ini, date_end, status, gender_id,sub_gender_id,winner_id, site_id) VALUES(93, 'Michoacán birds', 'Shoes', 'orquestar bifurcada Re-implementado', 'Arpa', 5, 179, 207672, '2017-10-19 04:03:39', '2017-10-19 04:03:39', '2017-10-19 07:03:39', 'O', 2, 10, NULL, 94);
INSERT INTO public.auth_user (id, password, last_login, is_superuser, username, first_name, last_name, email, is_staff, is_active, date_joined) VALUES (118,'pbkdf2_sha256$24000$2Pi6CjMjgA7D$NtEcGcuFbiuWTJSVGl+oHo2pvK6zzJTJTAd6sfQD8j4=', '2017-03-10 19:53:46.474341', true, 'Marcela.Montes', '', '', 'Marcela.Montes@contact.com', true, true, '2017-03-10 19:50:52.412073');
INSERT INTO public.dplanapp_site (id, site_name, phone, address, max_attendance, user_id, photo) VALUES (95, 'Moreno S.A.B.', 55-2275-8484, 'Interior ?4 Rincón Copalillo 74, Hopelchen, DUR 75866', 673, 118, 'profilePictures/eyesFB2.0.png');
INSERT INTO public.dplanapp_event (id, name, title_event, description, technical_req, duration, max_attendance, price, date_event, date_ini, date_end, status, gender_id,sub_gender_id,winner_id, site_id) VALUES(94, 'Guanajuato dogs', 'Kids', 'funcionalidad sistémica Pre-emptivo', 'Xilofón', 2, 673, 108895, '2017-06-25 11:34:23', '2017-06-25 11:34:23', '2017-06-25 02:34:23', 'O', 2, 8, NULL, 95);
INSERT INTO public.auth_user (id, password, last_login, is_superuser, username, first_name, last_name, email, is_staff, is_active, date_joined) VALUES (119,'pbkdf2_sha256$24000$2Pi6CjMjgA7D$NtEcGcuFbiuWTJSVGl+oHo2pvK6zzJTJTAd6sfQD8j4=', '2017-03-10 19:53:46.474341', true, 'Elvira.Córdova', '', '', 'Elvira.Córdova@contact.com', true, true, '2017-03-10 19:50:52.412073');
INSERT INTO public.dplanapp_site (id, site_name, phone, address, max_attendance, user_id, photo) VALUES (96, 'Venegas y Venegas S.A.B.', 81 3249 3611, 'Arroyo Apan 9 Piso 49, Cualac, BCN 02405', 703, 119, 'profilePictures/eyesFB2.0.png');
INSERT INTO public.dplanapp_event (id, name, title_event, description, technical_req, duration, max_attendance, price, date_event, date_ini, date_end, status, gender_id,sub_gender_id,winner_id, site_id) VALUES(95, 'Nayarit cattle', 'Electronics', 'sistema abierto transicional Diverso', 'Organo', 3, 703, 117120, '2018-02-25 09:53:31', '2018-02-25 09:53:31', '2018-02-25 12:53:31', 'O', 1, 1, NULL, 96);
INSERT INTO public.auth_user (id, password, last_login, is_superuser, username, first_name, last_name, email, is_staff, is_active, date_joined) VALUES (120,'pbkdf2_sha256$24000$2Pi6CjMjgA7D$NtEcGcuFbiuWTJSVGl+oHo2pvK6zzJTJTAd6sfQD8j4=', '2017-03-10 19:53:46.474341', true, 'Reyna.Quezada', '', '', 'Reyna.Quezada@contact.com', true, true, '2017-03-10 19:50:52.412073');
INSERT INTO public.dplanapp_site (id, site_name, phone, address, max_attendance, user_id, photo) VALUES (97, 'Miranda, Miranda y Miranda Asociados S.A.', 357 222 5353, 'Escalinata Amatlán de Cañas 3898 Planta alta, Tepalcingo, ZAC 97595', 181, 120, 'profilePictures/eyesFB2.0.png');
INSERT INTO public.dplanapp_event (id, name, title_event, description, technical_req, duration, max_attendance, price, date_event, date_ini, date_end, status, gender_id,sub_gender_id,winner_id, site_id) VALUES(96, 'Jalisco gooses', 'Computers, Electronics & Music', 'función explícita Gestionado', 'Violonchelo', 2, 181, 239501, '2017-09-11 06:50:43', '2017-09-11 06:50:43', '2017-09-11 09:50:43', 'O', 2, 10, NULL, 97);
INSERT INTO public.auth_user (id, password, last_login, is_superuser, username, first_name, last_name, email, is_staff, is_active, date_joined) VALUES (121,'pbkdf2_sha256$24000$2Pi6CjMjgA7D$NtEcGcuFbiuWTJSVGl+oHo2pvK6zzJTJTAd6sfQD8j4=', '2017-03-10 19:53:46.474341', true, 'Bertha.Peralta', '', '', 'Bertha.Peralta@contact.com', true, true, '2017-03-10 19:50:52.412073');
INSERT INTO public.dplanapp_site (id, site_name, phone, address, max_attendance, user_id, photo) VALUES (98, 'Fondo Montes S.A.B.', 33-5584-6033, 'Escalinata Michoacán 4 Piso 60, Nuevo Zoquiapam, COA 33300', 160, 121, 'profilePictures/eyesFB2.0.png');
INSERT INTO public.dplanapp_event (id, name, title_event, description, technical_req, duration, max_attendance, price, date_event, date_ini, date_end, status, gender_id,sub_gender_id,winner_id, site_id) VALUES(97, 'Campeche owls', 'Shoes', 'solución motivadora en fases', 'Organo', 1, 160, 361825, '2018-03-02 09:21:13', '2018-03-02 09:21:13', '2018-03-03 12:21:13', 'O', 1, 1, NULL, 98);
INSERT INTO public.auth_user (id, password, last_login, is_superuser, username, first_name, last_name, email, is_staff, is_active, date_joined) VALUES (122,'pbkdf2_sha256$24000$2Pi6CjMjgA7D$NtEcGcuFbiuWTJSVGl+oHo2pvK6zzJTJTAd6sfQD8j4=', '2017-03-10 19:53:46.474341', true, 'Patricia.Solano', '', '', 'Patricia.Solano@contact.com', true, true, '2017-03-10 19:50:52.412073');
INSERT INTO public.dplanapp_site (id, site_name, phone, address, max_attendance, user_id, photo) VALUES (99, 'Tapia, Tapia y Tapia Asociados S.A.', 81 9774 5514, 'Glorieta Chihuahua 306, Mazapil, DIF 57694', 949, 122, 'profilePictures/eyesFB2.0.png');
INSERT INTO public.dplanapp_event (id, name, title_event, description, technical_req, duration, max_attendance, price, date_event, date_ini, date_end, status, gender_id,sub_gender_id,winner_id, site_id) VALUES(98, 'México griffins', 'Industrial', 'previsión global Multi plataforma', 'Acordión', 4, 949, 407710, '2017-06-15 12:48:05', '2017-06-15 12:48:05', '2017-06-15 03:48:05', 'O', 2, 8, NULL, 99);
INSERT INTO public.auth_user (id, password, last_login, is_superuser, username, first_name, last_name, email, is_staff, is_active, date_joined) VALUES (123,'pbkdf2_sha256$24000$2Pi6CjMjgA7D$NtEcGcuFbiuWTJSVGl+oHo2pvK6zzJTJTAd6sfQD8j4=', '2017-03-10 19:53:46.474341', true, 'Mónica.Madrigal', '', '', 'Mónica.Madrigal@contact.com', true, true, '2017-03-10 19:50:52.412073');
INSERT INTO public.dplanapp_site (id, site_name, phone, address, max_attendance, user_id, photo) VALUES (100, 'Arriaga S.C.', (55) 7693 0386, 'Prolongación Andrea Beltrán 1543 Apartamento 04, Naucalpan, SLP 92528', 875, 123, 'profilePictures/eyesFB2.0.png');
INSERT INTO public.dplanapp_event (id, name, title_event, description, technical_req, duration, max_attendance, price, date_event, date_ini, date_end, status, gender_id,sub_gender_id,winner_id, site_id) VALUES(99, 'Coahuila vixens', 'Home', 'actitud multiestado Implementado', 'Arpa', 1, 875, 165062, '2017-07-18 02:06:07', '2017-07-18 02:06:07', '2017-07-18 05:06:07', 'O', 2, 9, NULL, 100);
INSERT INTO public.auth_user (id, password, last_login, is_superuser, username, first_name, last_name, email, is_staff, is_active, date_joined) VALUES (124,'pbkdf2_sha256$24000$2Pi6CjMjgA7D$NtEcGcuFbiuWTJSVGl+oHo2pvK6zzJTJTAd6sfQD8j4=', '2017-03-10 19:53:46.474341', true, 'Arturo.Esquivel', '', '', 'Arturo.Esquivel@contact.com', true, true, '2017-03-10 19:50:52.412073');
INSERT INTO public.dplanapp_site (id, site_name, phone, address, max_attendance, user_id, photo) VALUES (101, 'Ayala S.A.', 55-5847-3799, 'Quinta Campeche 98627 8ª Planta, Cuatro Ciénegas, COL 64280', 416, 124, 'profilePictures/eyesFB2.0.png');
INSERT INTO public.dplanapp_event (id, name, title_event, description, technical_req, duration, max_attendance, price, date_event, date_ini, date_end, status, gender_id,sub_gender_id,winner_id, site_id) VALUES(100, 'Aguascalientes sorcerors', 'Shoes', 'previsión regional Multi plataforma', 'Flauta', 1, 416, 288323, '2017-06-08 07:43:19', '2017-06-08 07:43:19', '2017-06-08 10:43:19', 'O', 2, 8, NULL, 101);
INSERT INTO public.auth_user (id, password, last_login, is_superuser, username, first_name, last_name, email, is_staff, is_active, date_joined) VALUES (125,'pbkdf2_sha256$24000$2Pi6CjMjgA7D$NtEcGcuFbiuWTJSVGl+oHo2pvK6zzJTJTAd6sfQD8j4=', '2017-03-10 19:53:46.474341', true, 'Miguel Ángel.Arellano', '', '', 'Miguel Ángel.Arellano@contact.com', true, true, '2017-03-10 19:50:52.412073');
INSERT INTO public.dplanapp_site (id, site_name, phone, address, max_attendance, user_id, photo) VALUES (102, 'Vásquez y Vásquez S.A. de C.V.', (55) 1008 2789, 'Apartamento 64 Manzana José Luis Zepeda 6329 Int. 7, Chapultepec, MIC 07851', 208, 125, 'profilePictures/eyesFB2.0.png');
INSERT INTO public.dplanapp_event (id, name, title_event, description, technical_req, duration, max_attendance, price, date_event, date_ini, date_end, status, gender_id,sub_gender_id,winner_id, site_id) VALUES(101, 'Chihuahua ants', 'Grocery', 'Interfaz gráfico de usuario explícita Reducido', 'Organo', 2, 208, 181365, '2017-05-02 12:37:35', '2017-05-02 12:37:35', '2017-05-02 03:37:35', 'O', 1, 5, NULL, 102);
INSERT INTO public.auth_user (id, password, last_login, is_superuser, username, first_name, last_name, email, is_staff, is_active, date_joined) VALUES (126,'pbkdf2_sha256$24000$2Pi6CjMjgA7D$NtEcGcuFbiuWTJSVGl+oHo2pvK6zzJTJTAd6sfQD8j4=', '2017-03-10 19:53:46.474341', true, 'Hugo.Torres', '', '', 'Hugo.Torres@contact.com', true, true, '2017-03-10 19:50:52.412073');
INSERT INTO public.dplanapp_site (id, site_name, phone, address, max_attendance, user_id, photo) VALUES (103, 'Colegio Covarrubias S.A.', 985 439 2787, 'Interior 576 Avenida México S/N, Tetepango, VER 67148', 280, 126, 'profilePictures/eyesFB2.0.png');
INSERT INTO public.dplanapp_event (id, name, title_event, description, technical_req, duration, max_attendance, price, date_event, date_ini, date_end, status, gender_id,sub_gender_id,winner_id, site_id) VALUES(102, 'Durango griffins', 'Games', 'funcionalidad multimedia Enfocado en la calidad', 'Organo', 1, 280, 498309, '2017-08-24 04:49:05', '2017-08-24 04:49:05', '2017-08-24 07:49:05', 'O', 1, 3, NULL, 103);
INSERT INTO public.auth_user (id, password, last_login, is_superuser, username, first_name, last_name, email, is_staff, is_active, date_joined) VALUES (127,'pbkdf2_sha256$24000$2Pi6CjMjgA7D$NtEcGcuFbiuWTJSVGl+oHo2pvK6zzJTJTAd6sfQD8j4=', '2017-03-10 19:53:46.474341', true, 'Rosa María.Ibarra', '', '', 'Rosa María.Ibarra@contact.com', true, true, '2017-03-10 19:50:52.412073');
INSERT INTO public.dplanapp_site (id, site_name, phone, address, max_attendance, user_id, photo) VALUES (104, 'Vidal Vidal S.A.', (81) 7067 5511, 'Privada Ahuacatlán S/N, Rosario, DUR 10912', 106, 127, 'profilePictures/eyesFB2.0.png');
INSERT INTO public.dplanapp_event (id, name, title_event, description, technical_req, duration, max_attendance, price, date_event, date_ini, date_end, status, gender_id,sub_gender_id,winner_id, site_id) VALUES(103, 'Baja California Sur gooses', 'Computers, Industrial & Music', 'website terciaria Reducido', 'Bajo', 2, 106, 324169, '2017-12-14 07:06:19', '2017-12-14 07:06:19', '2017-12-14 10:06:19', 'O', 1, 1, NULL, 104);
INSERT INTO public.auth_user (id, password, last_login, is_superuser, username, first_name, last_name, email, is_staff, is_active, date_joined) VALUES (128,'pbkdf2_sha256$24000$2Pi6CjMjgA7D$NtEcGcuFbiuWTJSVGl+oHo2pvK6zzJTJTAd6sfQD8j4=', '2017-03-10 19:53:46.474341', true, 'Pablo.Trejo', '', '', 'Pablo.Trejo@contact.com', true, true, '2017-03-10 19:50:52.412073');
INSERT INTO public.dplanapp_site (id, site_name, phone, address, max_attendance, user_id, photo) VALUES (105, 'Zavala y Zavala S.R.L', 444-805-8214, 'Planta alta Monte Tepalcingo 63, Celaya, TAM 86004', 854, 128, 'profilePictures/eyesFB2.0.png');
INSERT INTO public.dplanapp_event (id, name, title_event, description, technical_req, duration, max_attendance, price, date_event, date_ini, date_end, status, gender_id,sub_gender_id,winner_id, site_id) VALUES(104, 'México chimeras', 'Clothing, Jewelry & Sports', 'función sistemática Operativo', 'Bajo', 2, 854, 233377, '2017-10-31 08:08:42', '2017-10-31 08:08:42', '2017-10-31 11:08:42', 'O', 1, 2, NULL, 105);
